gameDate,gameId,teamFullName_home,teamFullName_away,home_score,away_score,home_win_probability,predicted_home_win,home_win,correct,games_played_prior_home,games_played_prior_away,rolling_win_pct_5_diff,rolling_goal_diff_5_diff,special_teams_matchup
2023-10-12,2023020015,Nashville Predators,Seattle Kraken,3,0,0.5094436588861148,1,1,True,1,1,0.0,1.0,-0.0075
2023-10-14,2023020029,Edmonton Oilers,Vancouver Canucks,3,4,0.11188547628227748,0,0,True,1,1,-1.0,-14.0,-0.004999999999999999
2023-10-14,2023020020,Winnipeg Jets,Florida Panthers,6,4,0.34457220049973664,0,1,False,1,1,0.0,0.0,-0.0075
2023-10-14,2023020023,Detroit Red Wings,Tampa Bay Lightning,6,4,0.3157520490089003,0,1,False,1,1,-1.0,-3.0,-0.0024999999999999996
2023-10-14,2023020019,Ottawa Senators,Philadelphia Flyers,5,2,0.17173497841819357,0,1,False,1,1,-1.0,-4.0,-0.01
2023-10-14,2023020024,Montréal Canadiens,Chicago Blackhawks,3,2,0.47350563176501526,0,1,False,1,2,-0.5,0.0,-0.0075
2023-10-14,2023020032,Los Angeles Kings,Carolina Hurricanes,5,5,0.16430936523007822,0,0,True,1,1,-1.0,-5.0,-0.01
2023-10-14,2023020025,Pittsburgh Penguins,Calgary Flames,5,2,0.6220651505705944,1,1,True,2,1,-0.5,-1.0,-0.00666667
2023-10-14,2023020028,St. Louis Blues,Seattle Kraken,1,1,0.5228950187731581,1,0,False,1,2,0.0,3.0,-0.01
2023-10-14,2023020026,Toronto Maple Leafs,Minnesota Wild,7,4,0.7083493074098051,1,1,True,1,1,-1.0,-2.0,-0.005
2023-10-14,2023020021,Boston Bruins,Nashville Predators,3,2,0.7183735670600677,1,1,True,1,2,0.5,1.5,-0.008
2023-10-14,2023020022,Columbus Blue Jackets,New York Rangers,5,3,0.12906551980557276,0,1,False,1,1,-1.0,-6.0,-0.01
2023-10-14,2023020030,San Jose Sharks,Colorado Avalanche,1,1,0.1693051273665297,0,0,True,1,1,-1.0,-6.0,-0.01
2023-10-15,2023020034,Anaheim Ducks,Carolina Hurricanes,6,3,0.2171936130780284,0,1,False,1,2,-0.5,-4.0,-0.00857143
2023-10-15,2023020033,Ottawa Senators,Tampa Bay Lightning,5,2,0.5376720146423328,1,1,True,2,2,0.0,0.5,-0.005750000000000001
2023-10-16,2023020035,Columbus Blue Jackets,Detroit Red Wings,0,4,0.2619640116803044,0,0,True,2,2,0.0,-0.5,-0.0016666700000000003
2023-10-16,2023020038,Toronto Maple Leafs,Chicago Blackhawks,1,4,0.8357524752115025,1,0,False,2,3,0.16666666666666669,1.8333333333333333,-0.00416667
2023-10-16,2023020036,New Jersey Devils,Florida Panthers,3,4,0.532384256162396,1,0,False,2,2,0.5,2.5,-0.004250004999999999
2023-10-16,2023020039,Washington Capitals,Calgary Flames,2,2,0.2048782338869317,0,0,True,1,2,-0.5,-3.5,-0.01
2023-10-17,2023020041,Montréal Canadiens,Minnesota Wild,2,5,0.6473679077870327,1,0,False,2,2,0.0,1.0,-0.00541667
2023-10-17,2023020048,Vegas Golden Knights,Dallas Stars,2,2,0.6977851980774837,1,0,False,3,1,1.0,3.0,-0.00888889
2023-10-17,2023020044,Nashville Predators,Edmonton Oilers,1,6,0.5534673100155334,1,0,False,3,2,0.3333333333333333,4.0,-0.005000001666666666
2023-10-17,2023020042,Philadelphia Flyers,Vancouver Canucks,2,0,0.3119098936498104,0,1,False,2,2,-0.5,-4.5,-0.0064881
2023-10-17,2023020045,Winnipeg Jets,Los Angeles Kings,1,5,0.6373766033747905,1,0,False,2,2,0.5,1.5,-0.0066666699999999995
2023-10-17,2023020040,Buffalo Sabres,Tampa Bay Lightning,3,2,0.326745001358211,0,1,False,2,3,-0.3333333333333333,-1.5,-0.009166666666666667
2023-10-17,2023020047,San Jose Sharks,Carolina Hurricanes,3,6,0.2325218374167222,0,0,True,2,3,-0.3333333333333333,-1.1666666666666667,-0.00904762
2023-10-17,2023020046,Seattle Kraken,Colorado Avalanche,1,4,0.24342453683754114,0,0,True,3,2,-0.5,-3.5,-0.006666666666666667
2023-10-18,2023020049,Ottawa Senators,Washington Capitals,6,1,0.8437313136763819,1,1,True,3,2,0.6666666666666666,3.333333333333333,-0.0036666700000000003
2023-10-18,2023020050,Detroit Red Wings,Pittsburgh Penguins,6,3,0.5619066695379226,1,1,True,3,3,0.0,0.0,-0.00588889
2023-10-26,2023020103,Montréal Canadiens,Columbus Blue Jackets,4,3,0.6051547849993085,1,1,True,3,3,0.0,0.6666666666666666,-0.0067222233333333326
2023-10-26,2023020104,Philadelphia Flyers,Minnesota Wild,6,2,0.5435697550821044,1,1,True,3,3,0.0,-0.3333333333333333,-0.007222226666666666
2023-10-26,2023020105,Pittsburgh Penguins,Colorado Avalanche,4,0,0.4969439571322173,0,1,False,4,3,-0.16666666666666663,-1.5,-0.008333335
2023-10-26,2023020101,Carolina Hurricanes,Seattle Kraken,3,2,0.7007587539161824,1,1,True,4,4,0.5,2.75,-0.007678575
2023-10-26,2023020109,Calgary Flames,St. Louis Blues,0,3,0.7164173655225547,1,0,False,3,2,0.3333333333333333,-0.3333333333333333,-0.002111113333333334
2023-10-26,2023020107,New York Islanders,Ottawa Senators,3,2,0.6384855237143736,1,1,True,2,4,0.25,-1.25,-0.0075000050000000006
2023-10-26,2023020106,Tampa Bay Lightning,San Jose Sharks,6,0,0.6894041264942167,1,1,True,4,3,0.25,1.0,-0.006321430000000001
2023-10-26,2023020102,Detroit Red Wings,Winnipeg Jets,1,4,0.6795833522869242,1,0,False,4,3,0.4166666666666667,3.333333333333333,-0.003829368333333333
2023-10-26,2023020100,Boston Bruins,Anaheim Ducks,3,4,0.7567541069918758,1,0,False,2,2,0.5,1.5,-0.00466667
2023-10-27,2023020116,Vancouver Canucks,St. Louis Blues,5,0,0.5394235280578977,1,1,True,3,3,0.3333333333333333,1.0,-0.00388889
2023-10-27,2023020112,Carolina Hurricanes,San Jose Sharks,3,0,0.8536887226499728,1,1,True,5,4,0.6,3.6,-0.0064464325
2023-10-27,2023020111,Vegas Golden Knights,Chicago Blackhawks,3,4,0.7746507862406852,1,0,False,4,4,0.25,1.75,-0.0091666675
2023-10-27,2023020113,New Jersey Devils,Buffalo Sabres,5,4,0.6057868451515631,1,1,True,3,3,0.0,1.3333333333333333,-0.005944446666666667
2023-10-27,2023020114,Washington Capitals,Minnesota Wild,2,2,0.26539589157582716,0,0,True,3,4,-0.5,-2.5,-0.00666667
2023-10-28,2023020121,Montréal Canadiens,Winnipeg Jets,3,3,0.47194125054257824,0,0,True,4,4,0.0,0.0,-0.006684525
2023-10-28,2023020120,Columbus Blue Jackets,New York Islanders,0,2,0.21718669796567483,0,0,True,4,3,-0.75,-2.25,-0.0058333333333333345
2023-10-28,2023020119,Boston Bruins,Detroit Red Wings,4,1,0.43002443638117127,0,1,False,3,5,0.06666666666666665,-0.33333333333333337,-0.006222224666666666
2023-10-28,2023020123,Pittsburgh Penguins,Ottawa Senators,2,5,0.48992208520381836,0,0,True,5,5,0.0,-0.40000000000000013,-0.007500003999999999
2023-10-28,2023020125,Los Angeles Kings,Vegas Golden Knights,3,3,0.47362390231794,0,0,True,4,5,-0.09999999999999998,-1.1,-0.006285715
2023-10-28,2023020118,Florida Panthers,Seattle Kraken,3,2,0.6597226553758841,1,1,True,3,5,0.3333333333333333,1.0,-0.008690476666666667
2023-10-28,2023020124,Vancouver Canucks,New York Rangers,3,4,0.33740136042410274,0,0,True,4,3,0.08333333333333337,1.75,-0.0039166675
2023-10-28,2023020122,Nashville Predators,Toronto Maple Leafs,3,2,0.41578266580643874,0,1,False,4,3,-0.08333333333333331,-1.25,-0.006875000833333333
2023-10-28,2023020117,Philadelphia Flyers,Anaheim Ducks,4,7,0.636791649233126,1,0,False,4,3,0.08333333333333337,0.9166666666666667,-0.00458334
2023-10-29,2023020129,Edmonton Oilers,Calgary Flames,5,2,0.47154979425674726,0,1,False,4,4,0.0,-0.5,-0.00699405
2023-10-29,2023020128,Washington Capitals,San Jose Sharks,3,1,0.5247815505086892,1,1,True,4,5,0.0,0.75,-0.007309525500000001
2023-10-29,2023020126,Buffalo Sabres,Colorado Avalanche,4,0,0.32419615319970285,0,1,False,4,4,-0.25,-1.75,-0.01
2023-10-29,2023020127,New Jersey Devils,Minnesota Wild,4,3,0.6144889448836884,1,1,True,4,5,0.09999999999999998,0.65,-0.003625005
2023-10-30,2023020133,Tampa Bay Lightning,Seattle Kraken,3,4,0.5840196224737402,1,0,False,5,6,0.4,2.0,-0.0057
2023-10-30,2023020135,Winnipeg Jets,New York Rangers,2,3,0.3426056454232504,0,0,True,5,4,-0.35,-1.2,-0.005916669
2023-10-30,2023020131,Philadelphia Flyers,Carolina Hurricanes,2,3,0.41021964168437985,0,0,True,5,6,0.0,-0.4,-0.006595241999999999
2023-10-30,2023020136,Dallas Stars,Columbus Blue Jackets,5,3,0.5257074450552373,1,1,True,3,5,-0.2,0.3999999999999999,-0.0077333340000000006
2023-10-30,2023020132,Pittsburgh Penguins,Anaheim Ducks,3,4,0.5682870427601134,1,0,False,6,4,-0.15000000000000002,0.0,-0.005541670500000001
2023-10-30,2023020134,New York Islanders,Detroit Red Wings,3,4,0.6091841934921035,1,0,False,4,6,0.4,0.65,-0.0070416675
2023-10-30,2023020138,Vegas Golden Knights,Montréal Canadiens,2,2,0.5978145955221107,1,0,False,6,5,0.0,1.2,-0.005916668
2023-10-30,2023020130,Boston Bruins,Florida Panthers,3,2,0.5332608692514548,1,1,True,4,4,0.25,1.75,-0.005083335
2023-10-31,2023020140,Vancouver Canucks,Nashville Predators,5,2,0.49972802702310815,0,1,False,5,5,0.19999999999999996,2.8,-0.00456667
2023-10-31,2023020139,Toronto Maple Leafs,Los Angeles Kings,1,4,0.5104520674825371,1,0,False,4,5,-0.15000000000000002,-0.65,-0.0051250029999999995
2023-11-01,2023020143,Colorado Avalanche,St. Louis Blues,4,1,0.5941265108543711,1,1,True,5,4,0.15000000000000002,0.09999999999999998,-0.006833334
2023-11-01,2023020141,Philadelphia Flyers,Buffalo Sabres,2,5,0.6343289375897426,1,0,False,6,5,0.0,0.0,-0.006833336000000001
2023-11-01,2023020142,Calgary Flames,Dallas Stars,3,4,0.4510843376490953,0,0,True,5,4,-0.04999999999999999,-1.15,-0.006975001999999999
2023-11-02,2023020147,Detroit Red Wings,Florida Panthers,0,2,0.5191878257672432,1,0,False,7,5,0.19999999999999996,1.0,-0.005900002
2023-11-02,2023020151,Minnesota Wild,New Jersey Devils,3,5,0.3766877010136092,0,0,True,6,5,-0.39999999999999997,-1.4,-0.006511908
2023-11-02,2023020150,Washington Capitals,New York Islanders,0,3,0.21713639886318753,0,0,True,5,5,-0.6000000000000001,-2.2,-0.009083334
2023-11-09,2023020196,New York Rangers,Minnesota Wild,4,1,0.7299700915392227,1,1,True,5,7,0.6000000000000001,1.8,-0.001966672
2023-11-10,2023020207,Toronto Maple Leafs,Calgary Flames,4,4,0.554431426706093,1,0,False,6,6,0.2,1.2,-0.007666668
2023-11-10,2023020204,Buffalo Sabres,Minnesota Wild,3,2,0.457279288781062,0,1,False,6,8,0.6,3.2,-0.00346667
2023-11-10,2023020206,New Jersey Devils,Washington Capitals,2,4,0.7702594359536592,1,0,False,6,6,0.39999999999999997,1.7999999999999998,-0.004366668000000001
2023-11-10,2023020208,Anaheim Ducks,Philadelphia Flyers,3,6,0.41997723494409744,0,0,True,6,7,0.6,2.0,-0.002333334
2023-11-10,2023020209,Vegas Golden Knights,San Jose Sharks,5,0,0.7654742475105119,1,1,True,7,6,0.2,3.1999999999999997,-0.006142860000000001
2023-11-10,2023020205,Florida Panthers,Carolina Hurricanes,5,2,0.3471788919866145,0,1,False,6,7,-0.20000000000000007,-0.8,-0.0065476200000000005
2023-11-11,2023020219,Colorado Avalanche,St. Louis Blues,2,8,0.6259506851083677,1,0,False,6,5,0.2,0.6,-0.006666668000000001
2023-11-11,2023020210,Detroit Red Wings,Columbus Blue Jackets,5,4,0.6413551333701079,1,1,True,9,6,0.0,-0.20000000000000018,-0.0077333340000000006
2023-11-11,2023020216,New York Islanders,Washington Capitals,1,4,0.7137955471713353,1,0,False,6,7,0.4,2.0,-0.0073333339999999995
2023-11-11,2023020217,Pittsburgh Penguins,Buffalo Sabres,4,0,0.6916118192229277,1,1,True,8,7,-0.4,-2.0,-0.008128571999999999
2023-11-11,2023020220,Seattle Kraken,Edmonton Oilers,1,4,0.4138468601984524,0,0,True,7,6,-0.2,-1.4,-0.003000004
2023-11-11,2023020212,Montréal Canadiens,Boston Bruins,3,2,0.39131665911329655,0,1,False,6,5,-0.4,-1.4,-0.0082
2023-11-11,2023020211,Winnipeg Jets,Dallas Stars,2,3,0.5236801387271234,1,0,False,8,5,0.0,0.4,-0.008199999999999999
2023-11-11,2023020213,Ottawa Senators,Calgary Flames,4,1,0.619206563525903,1,1,True,7,7,0.6,3.2,-0.006016668
2023-11-11,2023020215,Toronto Maple Leafs,Vancouver Canucks,5,2,0.47424103639364745,0,1,False,7,7,-0.6,-3.0,-0.006000000000000001
2023-11-11,2023020214,Tampa Bay Lightning,Carolina Hurricanes,0,4,0.2556786329272144,0,0,True,7,8,-0.6000000000000001,-1.2,-0.007833334
2023-11-11,2023020221,Los Angeles Kings,Philadelphia Flyers,2,4,0.49131778544739324,0,0,True,6,8,0.19999999999999996,1.6,-0.0034619059999999994
2023-11-12,2023020222,Florida Panthers,Chicago Blackhawks,4,3,0.6761515659604279,1,1,True,7,6,0.4,2.4,-0.006999999999999999
2023-11-12,2023020226,Anaheim Ducks,San Jose Sharks,4,1,0.7291831493715292,1,1,True,7,7,0.8,4.3999999999999995,-0.0033452405
2023-11-12,2023020224,Montréal Canadiens,Vancouver Canucks,2,5,0.4282380865823093,0,0,True,7,8,-0.19999999999999996,-1.5999999999999999,-0.006700000000000001
2023-11-12,2023020225,New York Rangers,Columbus Blue Jackets,3,3,0.8295063600477195,1,0,False,6,7,0.8,2.8,-0.003400002000000001
2023-11-12,2023020223,Minnesota Wild,Dallas Stars,3,8,0.4111408563655049,0,0,True,9,6,-0.6,-1.5999999999999999,-0.006966667999999999
2023-11-13,2023020227,Edmonton Oilers,New York Islanders,4,1,0.4576702349907421,0,1,False,7,7,0.0,0.9999999999999999,-0.007750002
2023-11-13,2023020228,Seattle Kraken,Colorado Avalanche,1,5,0.40491463376680764,0,0,True,8,7,-0.2,0.20000000000000018,-0.007000002000000001
2023-11-14,2023020230,Columbus Blue Jackets,Pittsburgh Penguins,3,5,0.2102758072895987,0,0,True,8,9,-0.6,-2.2,-0.007666667999999999
2023-11-14,2023020229,Buffalo Sabres,Boston Bruins,2,5,0.32155581684999857,0,0,True,8,6,0.0,0.0,-0.0095
2023-11-14,2023020231,Montréal Canadiens,Calgary Flames,1,2,0.5529580908687866,1,0,False,8,8,0.4,1.8,-0.0043
2023-11-14,2023020232,Washington Capitals,Vegas Golden Knights,3,0,0.3517901012965054,0,1,False,8,8,0.39999999999999997,0.0,-0.007333334
2023-11-14,2023020235,St. Louis Blues,Tampa Bay Lightning,5,0,0.5435571180502781,1,1,True,6,8,0.2,0.6000000000000001,-0.007000002000000001
2023-11-14,2023020234,Nashville Predators,Anaheim Ducks,2,3,0.48469417405322807,0,0,True,8,8,-0.6000000000000001,-3.2,-0.006161906
2023-11-14,2023020236,Winnipeg Jets,New Jersey Devils,6,3,0.3745782286581424,0,1,False,9,7,-0.39999999999999997,-0.6000000000000001,-0.007266667999999999
2023-11-14,2023020237,San Jose Sharks,Florida Panthers,3,5,0.16955713643541587,0,0,True,8,8,-0.8,-5.0,-0.01
2023-11-15,2023020238,Carolina Hurricanes,Philadelphia Flyers,1,3,0.6184047407908416,1,0,False,9,9,0.4,1.6,-0.002166667999999999
2023-11-15,2023020239,Edmonton Oilers,Seattle Kraken,4,3,0.6684366889396686,1,1,True,8,9,0.39999999999999997,2.6,-0.0036666699999999986
2023-11-15,2023020241,Vancouver Canucks,New York Islanders,4,3,0.5484260843698066,1,1,True,9,8,0.19999999999999996,1.4,-0.006333337999999999
2023-11-15,2023020240,Colorado Avalanche,Anaheim Ducks,8,2,0.5222515792777285,1,1,True,8,9,-0.4,-2.0,-0.007695240000000001
2023-11-16,2023020246,Chicago Blackhawks,Tampa Bay Lightning,2,4,0.49274978227292576,0,0,True,7,9,0.2,0.19999999999999996,-0.0050000025
2023-11-16,2023020244,Montréal Canadiens,Vegas Golden Knights,5,6,0.37351397451004614,0,0,True,9,9,0.0,-0.8,-0.0055
2023-11-16,2023020242,Ottawa Senators,Detroit Red Wings,5,4,0.5678933983112049,1,1,True,8,10,0.19999999999999996,2.6,-0.005316667999999999
2023-11-16,2023020245,Pittsburgh Penguins,New Jersey Devils,2,5,0.5143425994656675,1,0,False,10,8,0.0,0.8,-0.006428573999999999
2023-11-16,2023020249,Los Angeles Kings,Florida Panthers,2,1,0.4465747473069985,0,1,False,7,9,-0.20000000000000007,-0.19999999999999996,-0.008033334
2023-11-16,2023020248,Seattle Kraken,New York Islanders,3,3,0.3636239423964688,0,0,True,10,9,0.0,-0.6000000000000001,-0.0056666699999999995
2023-11-16,2023020250,San Jose Sharks,St. Louis Blues,5,1,0.24685534740176113,0,1,False,9,7,-0.6,-4.2,-0.0085000015
2023-11-16,2023020247,Calgary Flames,Vancouver Canucks,5,2,0.26577336870647095,0,1,False,9,10,-0.6000000000000001,-2.5999999999999996,-0.005933333999999999
2023-11-24,2023020298,Washington Capitals,Edmonton Oilers,0,5,0.3270416692141794,0,0,True,9,9,0.0,-0.40000000000000013,-0.007666668
2023-11-24,2023020305,Dallas Stars,Calgary Flames,4,7,0.698750249055296,1,0,False,8,10,0.6,2.0,-0.004683334
2023-11-25,2023020313,Colorado Avalanche,Calgary Flames,3,1,0.6333174964417219,1,1,True,9,11,0.0,-0.20000000000000007,-0.0044333359999999995
2023-11-25,2023020308,New York Rangers,Boston Bruins,7,4,0.5929232098190562,1,1,True,8,7,0.20000000000000007,0.3999999999999999,-0.005833334000000001
2023-11-25,2023020310,New Jersey Devils,Buffalo Sabres,7,2,0.7115631479790682,1,1,True,9,9,0.0,0.0,-0.004533336000000001
2023-11-25,2023020312,New York Islanders,Philadelphia Flyers,0,0,0.48796248393116964,0,0,True,10,10,-0.39999999999999997,-1.4,-0.004533334000000001
2023-11-25,2023020311,Pittsburgh Penguins,Toronto Maple Leafs,3,2,0.5280274705570985,1,1,True,12,9,0.39999999999999997,0.8,-0.008166668
2023-11-25,2023020309,Los Angeles Kings,Montréal Canadiens,4,0,0.6634420336830498,1,1,True,8,11,0.39999999999999997,1.4,-0.005742858
2023-11-25,2023020314,San Jose Sharks,Vancouver Canucks,4,3,0.17145933622208598,0,1,False,10,12,-0.39999999999999997,-2.0,-0.0061666674999999995
2023-11-26,2023020317,Chicago Blackhawks,St. Louis Blues,2,4,0.43839902148597076,0,0,True,8,8,0.0,-1.0,-0.005833334000000001
2023-11-26,2023020318,Carolina Hurricanes,Columbus Blue Jackets,3,2,0.7970695126267885,1,1,True,10,11,0.39999999999999997,1.2,-0.005833334000000001
2023-11-26,2023020319,Nashville Predators,Winnipeg Jets,3,2,0.47340623380537317,0,1,False,9,10,-0.2,-1.5999999999999999,-0.004533334
2023-11-26,2023020320,Edmonton Oilers,Anaheim Ducks,8,2,0.5710588829765306,1,1,True,10,10,0.20000000000000007,3.0,-0.005600001999999999
2023-11-26,2023020316,Detroit Red Wings,Minnesota Wild,4,1,0.5766931864087365,1,1,True,12,11,0.4,2.4,-0.004550002
2023-11-27,2023020324,Colorado Avalanche,Tampa Bay Lightning,4,1,0.5896421436288848,1,1,True,10,11,0.4,2.4,-0.0051666705
2023-11-27,2023020321,Columbus Blue Jackets,Boston Bruins,5,2,0.28897024603992877,0,1,False,12,8,-0.39999999999999997,-1.2,-0.008833334
2023-11-27,2023020325,Calgary Flames,Vegas Golden Knights,2,1,0.3643616276066942,0,1,False,12,11,0.19999999999999996,0.2,-0.01
2023-11-27,2023020323,Ottawa Senators,Florida Panthers,0,5,0.48936544648776625,0,0,True,10,10,-0.20000000000000007,-0.5999999999999999,-0.005600004000000001
2023-11-27,2023020322,New York Rangers,Buffalo Sabres,1,5,0.7315255839967507,1,0,False,9,10,0.4,3.4000000000000004,-0.0025333359999999997
2023-11-27,2023020326,San Jose Sharks,Washington Capitals,2,1,0.4056624506529141,0,1,False,11,10,-0.19999999999999996,-1.0,-0.005833334000000001
2023-11-28,2023020335,Edmonton Oilers,Vegas Golden Knights,4,4,0.5100878126543458,1,0,False,11,12,0.6,3.6,-0.005833336000000001
2023-11-28,2023020333,Chicago Blackhawks,Seattle Kraken,4,3,0.5358908476038274,1,1,True,9,11,0.0,-0.8000000000000003,-0.003866668
2023-11-28,2023020330,Minnesota Wild,St. Louis Blues,3,1,0.45067608591318076,0,1,False,12,9,-0.6,-3.8,-0.007333334
2023-11-28,2023020327,New Jersey Devils,New York Islanders,5,4,0.6455290839313613,1,1,True,10,11,0.6,2.4,-0.002166667999999999
2023-11-28,2023020329,Toronto Maple Leafs,Florida Panthers,1,1,0.36618583302547447,0,0,True,10,11,-0.6000000000000001,-1.8,-0.006333334000000001
2023-11-28,2023020336,Vancouver Canucks,Anaheim Ducks,3,1,0.5879070458718904,1,1,True,13,11,0.19999999999999996,3.0,-0.005766668000000001
2023-11-28,2023020328,Philadelphia Flyers,Carolina Hurricanes,1,4,0.33763175152266955,0,0,True,11,11,0.0,0.6000000000000001,-0.01
2023-11-28,2023020332,Winnipeg Jets,Dallas Stars,0,2,0.4028129182336437,0,0,True,11,9,-0.4,-0.8,-0.005299999999999999
2023-11-28,2023020331,Nashville Predators,Pittsburgh Penguins,3,2,0.46745147472666304,0,1,False,10,13,-0.39999999999999997,-2.0,-0.0068
2023-11-29,2023020337,Columbus Blue Jackets,Montréal Canadiens,2,4,0.4454096495313755,0,0,True,13,12,0.4,1.8,-0.007642858000000001
2023-11-29,2023020338,New York Rangers,Detroit Red Wings,3,2,0.6006876792469261,1,1,True,10,13,0.0,-0.19999999999999996,-0.00446667
2023-11-29,2023020339,Los Angeles Kings,Washington Capitals,1,2,0.6904621794494046,1,0,False,9,11,0.0,0.7999999999999999,-0.006333334000000001
2023-11-30,2023020352,Anaheim Ducks,Washington Capitals,4,5,0.6208865111796017,1,0,False,12,12,-0.19999999999999996,-2.2,-0.006366668000000001
2023-11-30,2023020343,Montréal Canadiens,Florida Panthers,1,5,0.3247333510745184,0,0,True,13,12,-0.39999999999999997,-2.2,-0.008333334000000001
2023-11-30,2023020347,Nashville Predators,Minnesota Wild,1,6,0.5572204581156668,1,0,False,11,13,0.2,1.0,-0.004916668
2023-11-30,2023020340,Boston Bruins,San Jose Sharks,3,0,0.6937136114795485,1,1,True,9,12,-0.19999999999999996,-0.8,-0.005033336
2023-11-30,2023020344,Philadelphia Flyers,New Jersey Devils,3,4,0.32942710139502435,0,0,True,12,11,0.0,0.0,-0.006500000000000001
2023-11-30,2023020341,Carolina Hurricanes,New York Islanders,4,5,0.6426414034373871,1,0,False,12,12,0.6,1.6,-0.005000001999999999
2023-11-30,2023020345,Tampa Bay Lightning,Pittsburgh Penguins,2,4,0.4272335623816716,0,0,True,13,14,0.0,0.0,-0.007233333999999999
2023-11-30,2023020351,Calgary Flames,Dallas Stars,4,3,0.358088357232871,0,1,False,13,10,0.0,0.0,-0.008600000000000002
2023-12-07,2023020398,Nashville Predators,Tampa Bay Lightning,5,1,0.5753404050189675,1,1,True,12,14,0.0,-1.4,-0.006366668
2023-12-08,2023020405,Columbus Blue Jackets,St. Louis Blues,5,2,0.3828775875770515,0,1,False,15,11,-0.19999999999999996,-1.2,-0.0095
2023-12-08,2023020407,Edmonton Oilers,Minnesota Wild,4,3,0.6469645474830289,1,1,True,12,14,0.4,3.4,-0.0034500040000000004
2023-12-08,2023020406,Florida Panthers,Pittsburgh Penguins,3,1,0.5272910141310992,1,1,True,13,15,0.19999999999999996,2.4,-0.005809526000000001
2023-12-09,2023020413,Toronto Maple Leafs,Nashville Predators,4,0,0.4363583983208458,0,1,False,12,13,-0.39999999999999997,0.2,-0.007833334
2023-12-09,2023020409,Calgary Flames,New Jersey Devils,2,4,0.3222399371373194,0,0,True,14,12,0.0,-0.19999999999999996,-0.005833334000000001
2023-12-09,2023020411,Buffalo Sabres,Montréal Canadiens,2,2,0.5037857936958744,1,0,False,12,15,0.2,0.8,-0.0045000000000000005
2023-12-09,2023020419,Vancouver Canucks,Carolina Hurricanes,4,3,0.44706653960779774,0,1,False,15,14,0.0,-0.2,-0.007208333999999999
2023-12-09,2023020415,New York Islanders,Los Angeles Kings,3,2,0.3605418223737049,0,1,False,13,10,-0.39999999999999997,-1.2,-0.005575000000000002
2023-12-09,2023020414,Washington Capitals,New York Rangers,4,0,0.2625188203197246,0,1,False,13,11,0.0,-0.6000000000000001,-0.0081000015
2023-12-09,2023020410,Dallas Stars,Vegas Golden Knights,1,6,0.48016033582253453,0,0,True,11,13,0.39999999999999997,1.8,-0.0063125015
2023-12-09,2023020416,Chicago Blackhawks,St. Louis Blues,3,1,0.45757276184390994,0,1,False,10,12,-0.2,-1.2000000000000002,-0.008
2023-12-09,2023020417,Colorado Avalanche,Philadelphia Flyers,2,5,0.5320605695375759,1,0,False,12,13,0.4,2.8,-0.006200002
2023-12-09,2023020418,Seattle Kraken,Tampa Bay Lightning,3,4,0.4740158951097063,0,0,True,12,15,-0.2,-0.8,-0.005766669999999999
2023-12-09,2023020412,Detroit Red Wings,Ottawa Senators,1,5,0.4090275140660621,0,0,True,14,11,0.19999999999999996,1.8,-0.004776192
2023-12-10,2023020426,Seattle Kraken,Minnesota Wild,0,3,0.47888321301410025,0,0,True,13,15,-0.4,-1.7999999999999998,-0.0059666680000000005
2023-12-10,2023020423,Montréal Canadiens,Nashville Predators,1,2,0.4389154671371285,0,0,True,16,14,-0.39999999999999997,-1.4,-0.007475000000000002
2023-12-10,2023020424,New York Rangers,Los Angeles Kings,4,1,0.5334296523434239,1,1,True,12,11,0.19999999999999996,-0.6000000000000001,-0.008666668
2023-12-10,2023020420,Columbus Blue Jackets,Florida Panthers,2,5,0.33062900448924176,0,0,True,16,14,-0.19999999999999996,-2.2,-0.007250000000000001
2023-12-10,2023020422,Chicago Blackhawks,Washington Capitals,2,4,0.47342420463959944,0,0,True,11,14,-0.19999999999999996,-0.4,-0.006833334000000001
2023-12-10,2023020421,Edmonton Oilers,New Jersey Devils,4,1,0.44641031902697875,0,1,False,13,13,-0.19999999999999996,0.20000000000000018,-0.0022083355000000007
2023-12-10,2023020425,Anaheim Ducks,Winnipeg Jets,2,4,0.503351993829067,1,0,False,13,14,-0.2,-2.8,-0.006533334
2023-12-10,2023020427,Vegas Golden Knights,San Jose Sharks,4,4,0.7342054011482833,1,0,False,14,14,-0.4,-0.20000000000000007,-0.006976192000000001
2023-12-11,2023020430,Dallas Stars,Detroit Red Wings,6,3,0.5587666916845663,1,1,True,12,15,0.0,-1.2,-0.006475003499999999
2023-12-11,2023020431,Colorado Avalanche,Calgary Flames,6,5,0.5431744553315496,1,1,True,13,15,0.0,1.2,-0.0049750029999999995
2023-12-11,2023020429,New York Islanders,Toronto Maple Leafs,4,3,0.4639474256552793,0,1,False,14,13,0.2,-0.2,-0.0078
2023-12-12,2023020439,Vancouver Canucks,Tampa Bay Lightning,4,1,0.5529555580568143,1,1,True,16,16,0.39999999999999997,2.6,-0.006366668000000001
2023-12-12,2023020440,Vegas Golden Knights,Calgary Flames,5,4,0.5374445685686555,1,1,True,15,16,-0.2,1.0,-0.0067500015
2023-12-12,2023020432,New York Rangers,Toronto Maple Leafs,3,7,0.6430787131868898,1,0,False,13,14,0.39999999999999997,-0.6000000000000001,-0.007466667999999999
2023-12-12,2023020437,Edmonton Oilers,Chicago Blackhawks,4,1,0.6435014543688629,1,1,True,14,12,0.4,3.6,-0.0038333360000000014
2023-12-12,2023020435,Nashville Predators,Philadelphia Flyers,3,2,0.4736937808956399,0,1,False,15,14,0.19999999999999996,-0.8,-0.007266667999999999
2023-12-12,2023020433,Ottawa Senators,Carolina Hurricanes,1,4,0.4989389847078403,0,0,True,12,15,0.19999999999999996,0.0,-0.0073083359999999995
2023-12-12,2023020441,San Jose Sharks,Winnipeg Jets,2,1,0.33107717894147026,0,1,False,15,15,0.19999999999999996,0.2,-0.0036666679999999992
2023-12-12,2023020438,Seattle Kraken,Florida Panthers,4,0,0.30759114049802266,0,1,False,14,15,-0.8,-4.0,-0.0081
2023-12-12,2023020436,St. Louis Blues,Detroit Red Wings,4,6,0.5113159166442007,1,0,False,13,16,0.0,-0.19999999999999996,-0.0052666679999999995
2023-12-13,2023020446,Los Angeles Kings,Winnipeg Jets,2,5,0.582686835881544,1,0,False,12,16,0.0,0.2,-0.005266668
2023-12-13,2023020443,New Jersey Devils,Boston Bruins,2,1,0.5586084851202372,1,1,True,14,11,0.20000000000000007,0.7999999999999999,-0.006033334000000001
2023-12-13,2023020444,New York Islanders,Anaheim Ducks,4,3,0.4520827911165775,0,1,False,15,14,0.6,3.8,-0.006666668000000001
2023-12-13,2023020445,Colorado Avalanche,Buffalo Sabres,5,1,0.6069713398915632,1,1,True,14,14,0.0,-0.4,-0.004100002000000001
2023-12-13,2023020442,Montréal Canadiens,Pittsburgh Penguins,3,3,0.36707491251004126,0,0,True,17,17,-0.39999999999999997,-1.7999999999999998,-0.007574999999999999
2023-12-14,2023020451,St. Louis Blues,Ottawa Senators,4,2,0.3762215676072371,0,1,False,14,13,-0.2,-0.3999999999999999,-0.003742858
2023-12-14,2023020453,Seattle Kraken,Chicago Blackhawks,7,1,0.4676031624421944,0,1,False,15,13,-0.2,0.6000000000000001,-0.0061
2023-12-21,2023020505,Dallas Stars,Vancouver Canucks,4,3,0.4773107964913494,0,1,False,13,17,-0.19999999999999996,-1.2000000000000002,-0.0041833355
2023-12-21,2023020508,Anaheim Ducks,Calgary Flames,0,3,0.5084210404564256,1,0,False,15,18,-0.2,-1.7999999999999998,-0.0054583340000000004
2023-12-21,2023020499,Columbus Blue Jackets,Washington Capitals,2,3,0.4966072600048219,0,0,True,18,15,-0.4,-2.4,-0.007333334
2023-12-21,2023020506,Minnesota Wild,Montréal Canadiens,4,3,0.4320885618843481,0,1,False,16,18,0.6,3.0,-0.004266668
2023-12-21,2023020502,Philadelphia Flyers,Nashville Predators,2,4,0.5042151386520275,1,0,False,15,16,-0.39999999999999997,0.19999999999999996,-0.008433334000000002
2023-12-21,2023020501,New Jersey Devils,Edmonton Oilers,3,6,0.4498875507791929,0,0,True,15,16,0.20000000000000007,-0.4,-0.008100000000000001
2023-12-22,2023020510,Detroit Red Wings,Philadelphia Flyers,6,6,0.4652861804752509,0,0,True,17,16,0.2,0.20000000000000007,-0.007099999999999999
2023-12-22,2023020512,Winnipeg Jets,Boston Bruins,5,1,0.4126014420432835,0,1,False,17,12,0.19999999999999996,1.2000000000000002,-0.008266668000000001
2023-12-22,2023020513,Chicago Blackhawks,Montréal Canadiens,2,5,0.49030107351774416,0,0,True,14,19,0.4,-0.40000000000000013,-0.005000002
2023-12-22,2023020511,New York Rangers,Edmonton Oilers,3,4,0.4788360452385815,0,0,True,14,17,-0.4,-3.0,-0.006283334000000001
2023-12-23,2023020522,New York Rangers,Buffalo Sabres,4,3,0.6378704635069473,1,1,True,15,16,-0.19999999999999996,-2.4,-0.005533334
2023-12-23,2023020523,Anaheim Ducks,Seattle Kraken,2,3,0.5117593571661451,1,0,False,16,16,-0.4,-2.8,-0.007333334
2023-12-23,2023020517,Columbus Blue Jackets,Toronto Maple Leafs,1,4,0.38185912281985707,0,0,True,19,15,0.0,-2.2,-0.0066
2023-12-23,2023020515,Nashville Predators,Dallas Stars,2,3,0.406775991239725,0,0,True,17,14,0.20000000000000007,0.8,-0.007166667999999999
2023-12-23,2023020519,New Jersey Devils,Detroit Red Wings,3,2,0.6105260310333582,1,1,True,16,18,0.39999999999999997,0.7999999999999999,-0.007833334
2023-12-23,2023020524,St. Louis Blues,Chicago Blackhawks,7,5,0.5732676663423404,1,1,True,15,15,0.2,1.7999999999999998,-0.007
2023-12-23,2023020527,Vancouver Canucks,San Jose Sharks,7,4,0.6794764865474322,1,1,True,18,16,0.0,0.4,-0.0075000000000000015
2023-12-23,2023020521,Washington Capitals,Tampa Bay Lightning,1,1,0.46329280302825454,0,0,True,16,17,0.8,3.8,-0.0047666705
2023-12-23,2023020520,Ottawa Senators,Pittsburgh Penguins,5,4,0.5338318319455149,1,1,True,14,19,-0.2,-2.0,-0.006366668000000001
2023-12-23,2023020518,Minnesota Wild,Boston Bruins,3,2,0.3524456774619539,0,1,False,17,13,0.4,2.6,-0.007100002000000001
2023-12-23,2023020514,Florida Panthers,Vegas Golden Knights,4,2,0.6291738184182536,1,1,True,18,17,0.0,-2.2,-0.006666668
2023-12-23,2023020516,Carolina Hurricanes,New York Islanders,4,5,0.587276182617609,1,0,False,16,16,-0.4,0.0,-0.0036999999999999997
2023-12-23,2023020526,Los Angeles Kings,Calgary Flames,5,3,0.5861931116198856,1,1,True,13,19,0.0,-0.6000000000000001,-0.006933334
2023-12-27,2023020534,Minnesota Wild,Detroit Red Wings,6,3,0.4492618046549664,0,1,False,18,19,0.6000000000000001,3.0,-0.006766668000000001
2023-12-27,2023020541,Los Angeles Kings,San Jose Sharks,5,1,0.7458734656947295,1,1,True,14,17,-0.2,-0.3999999999999999,-0.006933334
2023-12-27,2023020538,Chicago Blackhawks,Winnipeg Jets,2,1,0.39067758857271045,0,1,False,16,18,-0.8,-5.2,-0.006833333999999999
2023-12-27,2023020535,Nashville Predators,Carolina Hurricanes,2,5,0.3441833273994234,0,0,True,18,17,0.39999999999999997,0.0,-0.0075
2023-12-27,2023020532,Buffalo Sabres,Boston Bruins,1,4,0.42702570954103114,0,0,True,17,14,0.0,1.0,-0.007866668
2023-12-27,2023020540,Anaheim Ducks,Vegas Golden Knights,5,2,0.4514321803364537,0,1,False,17,18,-0.4,-2.2,-0.005000002000000001
2023-12-27,2023020529,New York Rangers,Washington Capitals,5,1,0.64178712890117,1,1,True,16,17,-0.4,-2.6,-0.0070333340000000005
2023-12-27,2023020533,New York Islanders,Pittsburgh Penguins,0,7,0.49295274021257807,0,0,True,17,20,0.8,1.2,-0.007699999999999999
2023-12-27,2023020539,Calgary Flames,Seattle Kraken,1,2,0.5278561114622833,1,0,False,20,17,-0.39999999999999997,-1.5999999999999999,-0.008047622
2023-12-27,2023020530,Tampa Bay Lightning,Florida Panthers,2,3,0.32822748705224414,0,0,True,18,19,-0.2,-0.40000000000000013,-0.008333334000000001
2023-12-27,2023020528,New Jersey Devils,Columbus Blue Jackets,4,3,0.6735054415153438,1,1,True,17,20,0.19999999999999996,0.19999999999999996,-0.005666667999999999
2023-12-27,2023020536,St. Louis Blues,Dallas Stars,2,1,0.42030299965284257,0,1,False,16,15,-0.19999999999999996,-0.39999999999999997,-0.007500000000000001
2023-12-27,2023020531,Toronto Maple Leafs,Ottawa Senators,2,4,0.48338649572107706,0,0,True,16,15,0.19999999999999996,3.0,-0.001723811999999999
2023-12-28,2023020545,San Jose Sharks,Edmonton Oilers,0,5,0.18628009222356642,0,0,True,18,18,-0.4,-2.4,-0.0065833355
2023-12-28,2023020543,Vancouver Canucks,Philadelphia Flyers,1,4,0.5197708768796968,1,0,False,19,17,0.39999999999999997,0.8,-0.0074333340000000015
2023-12-28,2023020544,Vegas Golden Knights,Los Angeles Kings,3,2,0.4110874723774177,0,1,False,19,15,-0.2,-0.8,-0.006466668000000002
2023-12-28,2023020542,Carolina Hurricanes,Montréal Canadiens,5,3,0.7193674142132953,1,1,True,18,20,0.2,0.39999999999999997,-0.0026000020000000006
2023-12-29,2023020551,Dallas Stars,Chicago Blackhawks,5,4,0.6618624660554268,1,1,True,16,17,0.39999999999999997,2.4,-0.005999999999999999
2023-12-29,2023020548,Florida Panthers,New York Rangers,4,3,0.5673250944675515,1,1,True,20,17,-0.19999999999999996,-2.2,-0.008000002000000003
2023-12-29,2023020549,Ottawa Senators,New Jersey Devils,2,6,0.4327966669567921,0,0,True,16,18,0.0,1.0,-0.008666668
2024-01-05,2023020602,New Jersey Devils,Chicago Blackhawks,4,2,0.6953809676324637,1,1,True,19,18,0.6000000000000001,3.0,-0.006083334
2024-01-05,2023020604,Anaheim Ducks,Winnipeg Jets,1,3,0.44607234452259426,0,0,True,18,19,-0.39999999999999997,-2.2,-0.005166667999999999
2024-01-05,2023020603,Washington Capitals,Carolina Hurricanes,2,6,0.29148418911241836,0,0,True,18,19,0.0,-0.6,-0.0076666680000000015
2024-01-06,2023020606,Colorado Avalanche,Florida Panthers,4,8,0.43090173318755837,0,0,True,18,21,0.20000000000000007,2.4,-0.0049000020000000005
2024-01-06,2023020608,Carolina Hurricanes,St. Louis Blues,1,1,0.6468078028244904,1,0,False,20,18,0.20000000000000007,1.8000000000000003,-0.0026000020000000006
2024-01-06,2023020613,San Jose Sharks,Toronto Maple Leafs,1,4,0.27427895205079045,0,0,True,19,18,-0.2,-2.8000000000000003,-0.006666668
2024-01-06,2023020610,Montréal Canadiens,New York Rangers,3,3,0.3521850800181704,0,0,True,21,18,-0.2,0.0,-0.007266667999999999
2024-01-06,2023020615,Edmonton Oilers,Ottawa Senators,3,1,0.617693939291023,1,1,True,19,17,0.4,3.0,-0.004714285999999999
2024-01-06,2023020612,Pittsburgh Penguins,Buffalo Sabres,1,3,0.5531941859378504,1,0,False,21,18,0.0,1.4000000000000001,-0.004080954000000001
2024-01-06,2023020616,Vegas Golden Knights,New York Islanders,5,2,0.5182654049003332,1,1,True,20,18,-0.4,-0.20000000000000007,-0.003224999999999999
2024-01-06,2023020609,Columbus Blue Jackets,Minnesota Wild,3,4,0.4091011011330356,0,0,True,21,19,-0.6000000000000001,-2.8,-0.005599999999999999
2024-01-06,2023020605,Philadelphia Flyers,Calgary Flames,3,2,0.5135188076655576,1,1,True,19,21,0.0,0.2,-0.007833334
2024-01-06,2023020611,New Jersey Devils,Vancouver Canucks,4,6,0.596011156577018,1,0,False,20,20,0.20000000000000007,0.4,-0.007683334000000001
2024-01-06,2023020607,Boston Bruins,Tampa Bay Lightning,7,3,0.5572463764913931,1,1,True,15,19,0.2,1.2,-0.004100002
2024-01-06,2023020614,Dallas Stars,Nashville Predators,3,4,0.6215318480015961,1,0,False,17,19,0.20000000000000007,1.0,-0.006833334000000001
2024-01-07,2023020618,Washington Capitals,Los Angeles Kings,4,3,0.34071750413797197,0,1,False,19,16,0.0,-0.8,-0.006583337000000001
2024-01-07,2023020620,Anaheim Ducks,Detroit Red Wings,2,3,0.518939698448792,1,0,False,19,22,0.0,-0.20000000000000007,-0.008333334
2024-01-07,2023020617,Chicago Blackhawks,Calgary Flames,4,3,0.3597574607524103,0,1,False,19,22,0.0,-1.2,-0.007600002
2024-01-08,2023020621,New York Rangers,Vancouver Canucks,3,6,0.505031909615697,1,0,False,19,21,-0.19999999999999996,-0.20000000000000007,-0.007500002
2024-01-08,2023020624,Colorado Avalanche,Boston Bruins,3,3,0.5723380938770765,1,0,False,19,16,0.19999999999999996,0.6000000000000001,-0.0038333359999999997
2024-01-08,2023020623,Minnesota Wild,Dallas Stars,0,4,0.4086865928576512,0,0,True,20,18,0.4,1.6,-0.006266668000000001
2024-01-08,2023020622,Philadelphia Flyers,Pittsburgh Penguins,1,4,0.5437780544122237,1,0,False,20,22,0.2,-0.4,-0.008000001999999999
2024-01-09,2023020627,Toronto Maple Leafs,San Jose Sharks,7,1,0.7171617882149911,1,1,True,19,20,0.39999999999999997,4.199999999999999,-0.004833334
2024-01-09,2023020628,New York Islanders,Vancouver Canucks,2,5,0.5373113416588768,1,0,False,19,22,0.0,-2.2,-0.007833334
2024-01-09,2023020631,Winnipeg Jets,Columbus Blue Jackets,5,0,0.6279025017548296,1,1,True,21,22,0.6000000000000001,3.4,-0.002333335999999999
2024-01-09,2023020625,Buffalo Sabres,Seattle Kraken,2,5,0.5153102194852868,1,0,False,19,18,-0.4,-1.8,-0.008433334
2024-01-09,2023020626,Tampa Bay Lightning,Los Angeles Kings,3,2,0.357307642810095,0,1,False,20,17,-0.2,-1.5999999999999999,-0.009583335
2024-01-09,2023020629,Nashville Predators,Anaheim Ducks,3,5,0.49303358337090547,0,0,True,20,20,0.39999999999999997,0.8,-0.0034142860000000003
2024-01-09,2023020634,Calgary Flames,Ottawa Senators,6,3,0.4905726269582632,0,1,False,23,18,-0.2,0.6,-0.005595241999999999
2024-01-09,2023020632,Chicago Blackhawks,Edmonton Oilers,1,2,0.2042987932787105,0,0,True,20,20,-0.4,-2.2,-0.0051833355000000005
2024-01-09,2023020630,St. Louis Blues,Florida Panthers,1,5,0.3524149687477778,0,0,True,19,22,-0.20000000000000007,-0.19999999999999996,-0.0085
2024-01-10,2023020637,Colorado Avalanche,Vegas Golden Knights,3,0,0.5135345932988633,1,1,True,20,21,0.0,0.4,-0.004566670000000001
2024-01-10,2023020636,Dallas Stars,Minnesota Wild,7,2,0.569422833153827,1,1,True,19,21,-0.20000000000000007,0.4,-0.0034333339999999993
2024-01-10,2023020635,Philadelphia Flyers,Montréal Canadiens,2,2,0.6601422108398356,1,0,False,21,22,0.2,0.2,-0.005333338
2024-01-11,2023020646,New York Islanders,Toronto Maple Leafs,4,3,0.39968786254710637,0,1,False,20,20,-0.19999999999999996,-4.0,-0.004750000000000001
2024-01-11,2023020648,Winnipeg Jets,Chicago Blackhawks,2,1,0.6830064938933422,1,1,True,22,21,0.4,3.1999999999999997,-0.0046666699999999995
2024-01-11,2023020644,Tampa Bay Lightning,New Jersey Devils,4,3,0.3623119584563117,0,1,False,21,21,-0.6000000000000001,-2.5999999999999996,-0.0096
2024-01-11,2023020650,Vegas Golden Knights,Boston Bruins,2,1,0.5480045262514253,1,1,True,22,18,0.0,-1.8,-0.005600002000000001
2024-01-11,2023020639,Carolina Hurricanes,Anaheim Ducks,6,3,0.7018518131766694,1,1,True,21,21,0.19999999999999996,1.4000000000000001,0.0007999979999999997
2024-01-11,2023020638,Buffalo Sabres,Ottawa Senators,5,3,0.4697638724070963,0,1,False,20,19,0.0,1.4,-0.006980953999999999
2024-01-11,2023020647,St. Louis Blues,New York Rangers,5,2,0.4561737456813273,0,1,False,20,20,0.0,-0.6000000000000001,-0.008166667500000002
2024-01-11,2023020641,Florida Panthers,Los Angeles Kings,3,2,0.5668240142300173,1,1,True,23,18,0.6,1.7999999999999998,-0.007183337
2024-01-11,2023020643,Pittsburgh Penguins,Vancouver Canucks,3,4,0.5031369209607806,1,0,False,23,23,-0.4,-0.20000000000000018,-0.006314288
2024-01-11,2023020645,Washington Capitals,Seattle Kraken,1,4,0.5446768446335756,1,0,False,20,19,-0.6,-4.2,-0.006833336
2024-01-11,2023020640,Detroit Red Wings,Edmonton Oilers,2,3,0.31314687040522005,0,0,True,23,21,-0.6,-2.8,-0.007766667499999999
2024-01-11,2023020642,Montréal Canadiens,San Jose Sharks,2,3,0.49211012124400955,0,0,True,23,21,0.2,4.2,-0.005600000000000001
2024-01-19,2023020703,Columbus Blue Jackets,New Jersey Devils,1,4,0.3102378322096845,0,0,True,23,22,-0.6,-3.0,-0.009099999999999999
2024-01-19,2023020705,Chicago Blackhawks,New York Islanders,4,3,0.27771605226893575,0,1,False,22,21,-0.2,1.4000000000000001,-0.0052666679999999995
2024-01-19,2023020702,Carolina Hurricanes,Detroit Red Wings,4,2,0.7168539254118026,1,1,True,22,24,0.4,2.8,-0.004333336
2024-01-19,2023020704,Florida Panthers,Minnesota Wild,4,6,0.5956540750572775,1,0,False,24,22,0.4,3.0,-0.004100002
2024-01-20,2023020710,Boston Bruins,Montréal Canadiens,9,4,0.6466873398055456,1,1,True,19,24,0.2,1.0,-0.0046666680000000006
2024-01-20,2023020709,Ottawa Senators,Winnipeg Jets,1,2,0.46986332201933995,0,0,True,20,23,-0.6000000000000001,-4.0,-0.009333334
2024-01-20,2023020716,Vegas Golden Knights,Pittsburgh Penguins,3,2,0.5485380897536197,1,1,True,23,24,0.19999999999999996,-1.4,-0.0045000000000000005
2024-01-20,2023020712,Vancouver Canucks,Toronto Maple Leafs,6,4,0.4281455575391358,0,1,False,25,21,0.6,1.0,-0.002833335
2024-01-20,2023020713,St. Louis Blues,Washington Capitals,3,0,0.518577664371874,1,1,True,21,21,0.2,1.8,-0.00566667
2024-01-20,2023020706,Buffalo Sabres,Tampa Bay Lightning,1,3,0.5865766299603864,1,0,False,22,22,0.19999999999999996,0.8,-0.008500002
2024-01-20,2023020711,New Jersey Devils,Dallas Stars,2,6,0.4901554755310352,0,0,True,23,20,0.0,-0.40000000000000013,-0.007333334000000001
2024-01-20,2023020714,Calgary Flames,Edmonton Oilers,1,3,0.3147234522949286,0,0,True,25,22,-0.6,-1.2,-0.007500002
2024-01-20,2023020717,Los Angeles Kings,New York Rangers,2,1,0.4625164256689051,0,1,False,19,21,0.0,0.6,-0.0059166695
2024-01-20,2023020707,Philadelphia Flyers,Colorado Avalanche,4,7,0.49741305241782485,0,0,True,22,21,0.0,0.0,-0.005266670000000001
2024-01-20,2023020715,San Jose Sharks,Anaheim Ducks,5,3,0.4404132380786188,0,1,False,22,22,-0.2,-3.1999999999999997,-0.0040333339999999995
2024-01-21,2023020723,Seattle Kraken,Toronto Maple Leafs,1,3,0.30105963545952824,0,0,True,20,22,0.6,1.7999999999999998,0.00208333
2024-01-21,2023020721,New York Islanders,Dallas Stars,3,2,0.43390293598942864,0,1,False,22,21,-0.6000000000000001,-5.2,-0.006000002000000001
2024-01-21,2023020722,Anaheim Ducks,New York Rangers,2,5,0.3964846835902809,0,0,True,23,22,0.2,0.40000000000000013,-0.0061833355000000005
2024-01-21,2023020719,Carolina Hurricanes,Minnesota Wild,2,5,0.6609033131531555,1,0,False,23,23,0.20000000000000007,2.8000000000000003,-0.0008333359999999996
2024-01-21,2023020720,Detroit Red Wings,Tampa Bay Lightning,2,1,0.49728254783366777,0,1,False,25,23,-0.19999999999999996,0.0,-0.0071
2024-01-21,2023020718,Philadelphia Flyers,Ottawa Senators,3,5,0.5822131430480801,1,0,False,23,21,0.2,1.4,-0.004666670000000001
2024-01-22,2023020726,Nashville Predators,Florida Panthers,1,4,0.3113300366855867,0,0,True,22,25,-0.6000000000000001,-2.8,-0.005333336
2024-01-22,2023020729,Los Angeles Kings,San Jose Sharks,3,3,0.6565027985552685,1,0,False,20,23,-0.2,1.6,-0.004333335999999999
2024-01-22,2023020725,New Jersey Devils,Vegas Golden Knights,6,5,0.5234414785786241,1,1,True,24,24,-0.4,-1.0,-0.009000000000000001
2024-01-22,2023020728,Vancouver Canucks,Chicago Blackhawks,2,0,0.713567767715113,1,1,True,26,23,0.6,2.4,-0.005916669000000001
2024-01-22,2023020724,Boston Bruins,Winnipeg Jets,4,1,0.46646064137396837,0,1,False,20,24,-0.6,-1.2000000000000002,-0.007166667999999999
2024-01-23,2023020731,Montréal Canadiens,Ottawa Senators,1,4,0.3748672403713812,0,0,True,25,22,-0.2,-0.40000000000000013,-0.005166670000000001
2024-01-23,2023020738,San Jose Sharks,New York Rangers,3,2,0.2815347996539072,0,1,False,24,23,0.2,-0.3999999999999999,-0.00625
2024-01-23,2023020736,Edmonton Oilers,Columbus Blue Jackets,4,1,0.7604756993738345,1,1,True,23,24,1.0,4.800000000000001,-0.006000002000000001
2024-01-23,2023020732,Philadelphia Flyers,Tampa Bay Lightning,3,6,0.6361707296712154,1,0,False,24,24,-0.39999999999999997,-1.2,-0.006166668
2024-01-23,2023020737,Anaheim Ducks,Buffalo Sabres,4,2,0.4169168437614548,0,1,False,24,23,-0.39999999999999997,-1.7999999999999998,-0.005866668
2024-01-23,2023020733,New York Islanders,Vegas Golden Knights,2,3,0.44142258491888403,0,0,True,23,25,-0.19999999999999996,-1.2,-0.0060833350000000005
2024-01-23,2023020730,Detroit Red Wings,Dallas Stars,4,5,0.3881803082851544,0,0,True,26,22,-0.19999999999999996,-2.4000000000000004,-0.0063500000000000015
2024-01-23,2023020734,Minnesota Wild,Washington Capitals,5,3,0.5065840572794712,1,1,True,24,22,0.39999999999999997,2.0,-0.002000004
2024-01-23,2023020735,Calgary Flames,St. Louis Blues,3,4,0.4841480381886882,0,0,True,26,22,0.0,0.39999999999999997,-0.005333336
2024-01-24,2023020740,Toronto Maple Leafs,Winnipeg Jets,1,0,0.6034018632752179,1,1,True,23,25,-0.20000000000000007,0.0,-0.007
2024-01-24,2023020744,Vancouver Canucks,St. Louis Blues,3,4,0.5606272416212316,1,0,False,27,23,0.4,1.2000000000000002,-0.003933336
2024-01-24,2023020743,Seattle Kraken,Chicago Blackhawks,6,2,0.5659798919505423,1,1,True,21,24,0.4,1.6,-0.005333334
2024-01-24,2023020745,Los Angeles Kings,Buffalo Sabres,3,5,0.5240739228440331,1,0,False,21,24,-0.2,0.0,-0.004833336000000001
2024-01-24,2023020742,Colorado Avalanche,Washington Capitals,6,2,0.5647905580170309,1,1,True,22,23,0.2,2.4000000000000004,-0.0021666720000000006
2024-01-24,2023020741,Boston Bruins,Carolina Hurricanes,2,3,0.29351302465846746,0,0,True,21,24,-0.19999999999999996,0.0,-0.004600002
2024-01-25,2023020747,Detroit Red Wings,Philadelphia Flyers,3,0,0.3595022663373459,0,1,False,27,25,0.4,1.8000000000000003,-0.003433335999999999
2024-01-25,2023020749,Ottawa Senators,Boston Bruins,2,3,0.4868248857326786,0,0,True,23,22,0.0,-1.2,-0.005600004000000001
2024-01-25,2023020752,Minnesota Wild,Nashville Predators,2,3,0.545242162055549,1,0,False,25,23,0.39999999999999997,1.2000000000000002,-0.004166668
2024-02-09,2023020801,Minnesota Wild,Pittsburgh Penguins,3,2,0.4335057257473726,0,1,False,26,26,0.39999999999999997,1.0,-0.003666668
2024-02-09,2023020802,Chicago Blackhawks,New York Rangers,3,4,0.2978090403632796,0,0,True,26,24,0.0,-0.8,-0.0079166675
2024-02-09,2023020803,Anaheim Ducks,Edmonton Oilers,3,5,0.27761613743540586,0,0,True,25,24,-0.6,-2.6,-0.007766668000000001
2024-02-10,2023020809,Florida Panthers,Colorado Avalanche,4,0,0.5596618600194838,1,1,True,27,23,0.20000000000000007,0.8,-0.006600002000000001
2024-02-10,2023020808,Boston Bruins,Washington Capitals,0,3,0.5427774800737409,1,0,False,23,24,0.39999999999999997,3.6,-0.004000001999999999
2024-02-10,2023020812,Ottawa Senators,Toronto Maple Leafs,5,3,0.35467282724560767,0,1,False,24,24,-0.19999999999999996,-1.0,-0.0046666699999999995
2024-02-10,2023020816,Los Angeles Kings,Edmonton Oilers,4,0,0.3501556393757043,0,1,False,22,25,-0.8,-2.4,-0.006000002
2024-02-10,2023020811,Columbus Blue Jackets,Tampa Bay Lightning,2,4,0.43116531375160233,0,0,True,25,25,-0.8,-3.8,-0.0085
2024-02-10,2023020807,New York Islanders,Calgary Flames,2,5,0.5006770522987095,1,0,False,24,28,0.0,-0.8,-0.005916668999999999
2024-02-10,2023020813,Philadelphia Flyers,Seattle Kraken,3,2,0.659192579911406,1,1,True,26,22,-0.8,-4.0,-0.005833334
2024-02-10,2023020805,Detroit Red Wings,Vancouver Canucks,4,3,0.3782394687945669,0,1,False,28,28,-0.4,-1.0,-0.005833334000000001
2024-02-10,2023020814,Winnipeg Jets,Pittsburgh Penguins,2,1,0.4649253779151951,0,1,False,26,27,0.39999999999999997,1.2,-0.006333336000000001
2024-02-10,2023020806,Montréal Canadiens,Dallas Stars,2,3,0.27948388209489594,0,0,True,26,24,-0.8,-3.8,-0.004500001333333334
2024-02-10,2023020810,Carolina Hurricanes,New Jersey Devils,1,0,0.6683471134080425,1,1,True,25,26,0.19999999999999996,1.0,-0.002958337
2024-02-10,2023020804,Buffalo Sabres,St. Louis Blues,1,3,0.4657579618200998,0,0,True,25,24,-0.20000000000000007,-0.20000000000000007,-0.006333338000000001
2024-02-11,2023020818,Washington Capitals,Vancouver Canucks,2,3,0.40575437404855197,0,0,True,25,29,-0.39999999999999997,-2.4,-0.007666668
2024-02-11,2023020817,Montréal Canadiens,St. Louis Blues,2,7,0.3686558021108321,0,0,True,27,25,-1.0,-4.0,-0.007333335999999999
2024-02-12,2023020820,New York Rangers,Calgary Flames,2,0,0.5482832489571984,1,1,True,25,29,0.0,-0.4,-0.007833334
2024-02-12,2023020822,Vegas Golden Knights,Minnesota Wild,3,5,0.5676153027629612,1,0,False,26,27,-0.20000000000000007,-1.5999999999999999,-0.0078333355
2024-02-12,2023020819,New Jersey Devils,Seattle Kraken,3,1,0.6356839786474723,1,1,True,27,23,-0.19999999999999996,-1.7999999999999998,-0.008833334
2024-02-13,2023020830,Dallas Stars,Carolina Hurricanes,4,2,0.4185104493512008,0,1,False,25,26,0.0,0.3999999999999999,-0.006266668
2024-02-13,2023020827,Toronto Maple Leafs,St. Louis Blues,4,1,0.6121574996084375,1,1,True,25,26,-0.6,-2.8,-0.009333334
2024-02-13,2023020826,Ottawa Senators,Columbus Blue Jackets,6,3,0.6057780612150218,1,1,True,25,26,0.6,3.8,-0.005333336
2024-02-13,2023020829,New York Islanders,Seattle Kraken,1,1,0.5848786489810431,1,0,False,25,24,0.0,-1.0,-0.006766669000000001
2024-02-13,2023020833,Edmonton Oilers,Detroit Red Wings,8,4,0.6872403257530741,1,1,True,26,29,0.20000000000000007,0.4,-0.004999999999999999
2024-02-13,2023020828,Washington Capitals,Colorado Avalanche,3,6,0.41020013793761145,0,0,True,26,24,-0.39999999999999997,-2.5999999999999996,-0.006166668
2024-02-13,2023020825,Montréal Canadiens,Anaheim Ducks,5,0,0.4130837056515361,0,1,False,28,26,-0.2,-1.4,-0.005333336
2024-02-13,2023020823,Boston Bruins,Tampa Bay Lightning,2,2,0.5436413947359328,1,0,False,24,26,-0.20000000000000007,-0.3999999999999999,-0.0056666680000000014
2024-02-13,2023020832,Chicago Blackhawks,Vancouver Canucks,2,4,0.35161757348998685,0,0,True,27,30,-0.39999999999999997,-2.4,-0.0080000015
2024-02-13,2023020831,Nashville Predators,New Jersey Devils,2,4,0.4371524534111612,0,0,True,25,28,0.0,-0.20000000000000007,-0.007958337
2024-02-13,2023020824,Buffalo Sabres,Los Angeles Kings,7,0,0.42698049347828776,0,1,False,26,23,0.0,-0.6000000000000001,-0.008333336
2024-02-14,2023020835,Winnipeg Jets,San Jose Sharks,1,0,0.6707991884032283,1,1,True,27,25,0.0,0.2,-0.006666668
2024-02-14,2023020834,Pittsburgh Penguins,Florida Panthers,2,5,0.38684133734859255,0,0,True,28,28,-0.8,-3.4,-0.007047622
2024-02-15,2023020844,St. Louis Blues,Edmonton Oilers,6,3,0.29806869542472186,0,1,False,27,27,0.0,-0.19999999999999996,-0.002800001999999999
2024-02-15,2023020839,New Jersey Devils,Los Angeles Kings,1,2,0.4384458230015247,0,0,True,29,24,0.19999999999999996,1.4,-0.008600000000000002
2024-02-15,2023020848,Vancouver Canucks,Detroit Red Wings,4,1,0.5839875951177956,1,1,True,31,30,0.0,0.6,-0.008083334000000001
2024-02-15,2023020847,Nashville Predators,Dallas Stars,2,9,0.33745166416623745,0,0,True,26,26,-0.4,-1.6,-0.0055000019999999995
2024-02-15,2023020843,Toronto Maple Leafs,Philadelphia Flyers,4,3,0.5530879820559357,1,1,True,26,28,0.19999999999999996,1.4,-0.008666667999999999
2024-02-15,2023020842,Tampa Bay Lightning,Colorado Avalanche,6,3,0.3919541971105509,0,1,False,27,25,-0.20000000000000007,-0.6000000000000001,-0.004000004000000001
2024-02-15,2023020840,New York Rangers,Montréal Canadiens,7,4,0.6059778482492287,1,1,True,26,29,0.39999999999999997,2.6,-0.007133333999999999
2024-02-15,2023020845,Chicago Blackhawks,Pittsburgh Penguins,1,4,0.3412245450643502,0,0,True,28,29,0.0,-0.5999999999999999,-0.0065416695000000006
2024-02-15,2023020841,Ottawa Senators,Anaheim Ducks,1,5,0.5290543214849347,1,0,False,26,27,0.6000000000000001,3.8,-0.005200002
2024-02-15,2023020846,Calgary Flames,San Jose Sharks,3,6,0.7130352468366863,1,0,False,30,26,-0.39999999999999997,-1.6,-0.006666667999999999
2024-02-15,2023020837,Boston Bruins,Seattle Kraken,1,4,0.6463954055868094,1,0,False,25,25,0.2,0.2,-0.005766668
2024-02-15,2023020838,Buffalo Sabres,Florida Panthers,0,4,0.3372399127933145,0,0,True,27,29,-0.4,-1.7999999999999998,-0.006380954
2024-02-23,2023020900,Columbus Blue Jackets,Buffalo Sabres,1,2,0.40806093610544053,0,0,True,27,28,-0.4,-3.4000000000000004,-0.006500002
2024-02-24,2023020914,San Jose Sharks,Nashville Predators,2,4,0.24562661968868355,0,0,True,27,27,0.19999999999999996,3.0,-0.005500001999999999
2024-02-24,2023020904,New York Islanders,Tampa Bay Lightning,2,4,0.4836130476012306,0,0,True,26,28,-0.39999999999999997,-2.2,-0.0068333355
2024-02-24,2023020907,Carolina Hurricanes,Dallas Stars,1,2,0.5604010038397295,1,0,False,28,27,-0.4,-2.1999999999999997,-0.005791668
2024-02-24,2023020911,Vancouver Canucks,Boston Bruins,3,2,0.5118828827048298,1,1,True,32,26,0.39999999999999997,2.0,-0.005000004000000001
2024-02-24,2023020905,Philadelphia Flyers,New York Rangers,1,2,0.49076902459417204,0,0,True,29,27,-0.4,-2.4000000000000004,-0.007433333999999999
2024-02-24,2023020910,Ottawa Senators,Vegas Golden Knights,3,3,0.49674756617131527,0,0,True,27,27,0.0,0.6,-0.007866668
2024-02-24,2023020909,Detroit Red Wings,St. Louis Blues,6,1,0.44120005487217884,0,1,False,32,28,-0.20000000000000007,-1.2000000000000002,-0.0060333359999999985
2024-02-24,2023020913,Seattle Kraken,Minnesota Wild,2,5,0.3884293915708792,0,0,True,26,29,-0.4,-0.3999999999999999,-0.007766668
2024-02-24,2023020908,Colorado Avalanche,Toronto Maple Leafs,3,4,0.4202354665086537,0,0,True,26,27,-0.20000000000000007,-0.4,-0.006000002000000001
2024-02-24,2023020906,Florida Panthers,Washington Capitals,3,2,0.6554190722534832,1,1,True,31,27,0.8,5.800000000000001,-0.0026666680000000014
2024-02-24,2023020915,Los Angeles Kings,Anaheim Ducks,2,2,0.6127747091193494,1,0,False,25,28,0.0,0.0,-0.003833336
2024-02-24,2023020912,Edmonton Oilers,Calgary Flames,3,6,0.717867901317342,1,0,False,29,31,0.2,0.6,-0.0042500014999999995
2024-02-24,2023020903,New Jersey Devils,Montréal Canadiens,4,3,0.6348039456359872,1,1,True,30,30,0.2,1.5999999999999999,-0.0075
2024-02-25,2023020916,New Jersey Devils,Tampa Bay Lightning,1,4,0.5766382422004358,1,0,False,31,29,-0.20000000000000007,-1.4,-0.005466668000000001
2024-02-25,2023020917,Pittsburgh Penguins,Philadelphia Flyers,7,6,0.5357147493008687,1,1,True,30,30,-0.2,-0.6,-0.009000002
2024-02-25,2023020919,Columbus Blue Jackets,New York Rangers,4,2,0.3342235309072204,0,1,False,28,28,-0.8,-3.5999999999999996,-0.008266668
2024-02-25,2023020920,Chicago Blackhawks,Detroit Red Wings,2,3,0.41107118752817334,0,0,True,30,33,-0.6,-2.8,-0.009375
2024-02-25,2023020922,Anaheim Ducks,Nashville Predators,2,4,0.40180365289704423,0,0,True,29,28,-0.19999999999999996,0.8,-0.0011666679999999992
2024-02-25,2023020918,Buffalo Sabres,Carolina Hurricanes,2,2,0.3541937258352991,0,0,True,29,29,0.0,0.20000000000000007,-0.009000000000000001
2024-02-26,2023020925,Edmonton Oilers,Los Angeles Kings,4,2,0.5573253515093276,1,1,True,30,26,-0.2,-0.8,-0.003433335
2024-02-26,2023020924,Dallas Stars,New York Islanders,2,3,0.623550141565887,1,0,False,28,27,0.8,3.4,-0.005333336
2024-02-26,2023020923,Washington Capitals,Ottawa Senators,6,3,0.37696352549828904,0,1,False,28,28,-0.2,-1.2,-0.0014166679999999998
2024-02-26,2023020926,Seattle Kraken,Boston Bruins,3,3,0.39126374763376376,0,0,True,27,27,0.0,0.6,-0.005000002
2024-02-27,2023020927,Detroit Red Wings,Washington Capitals,8,3,0.5398006082223569,1,1,True,34,29,0.19999999999999996,0.6000000000000001,-0.005166670499999999
2024-02-27,2023020936,Colorado Avalanche,Dallas Stars,5,1,0.48096985073846094,0,1,False,27,29,-0.4,-2.2,-0.005666668
2024-02-27,2023020933,Nashville Predators,Ottawa Senators,4,1,0.47859039971715506,0,1,False,29,29,0.19999999999999996,-0.4,-0.002250003
2024-02-27,2023020932,Minnesota Wild,Carolina Hurricanes,2,3,0.3620169136371792,0,0,True,30,30,0.4,0.9999999999999999,-0.005933336000000001
2024-02-27,2023020934,Winnipeg Jets,St. Louis Blues,4,2,0.5744921764806598,1,1,True,29,29,0.0,-0.6000000000000001,-0.007333335999999999
2024-02-27,2023020938,San Jose Sharks,New Jersey Devils,2,7,0.2048794990558143,0,0,True,28,32,-0.19999999999999996,0.0,-0.0074583340000000005
2024-02-27,2023020928,Florida Panthers,Buffalo Sabres,3,2,0.6296606346636551,1,1,True,32,30,0.6,3.4,-0.0008333359999999996
2024-02-27,2023020935,Calgary Flames,Los Angeles Kings,4,2,0.36380321642301516,0,1,False,32,27,0.0,0.4,-0.004433334000000001
2024-02-27,2023020931,Toronto Maple Leafs,Vegas Golden Knights,2,6,0.6464912250743449,1,0,False,28,28,0.4,1.0,-0.005333335500000002
2024-02-27,2023020937,Vancouver Canucks,Pittsburgh Penguins,3,4,0.51343049531941,1,0,False,33,31,0.4,1.4,-0.007266668000000001
2024-02-27,2023020930,Philadelphia Flyers,Tampa Bay Lightning,6,2,0.560328271087768,1,1,True,31,30,-0.4,-2.0,-0.006200002
2024-02-28,2023020940,Edmonton Oilers,St. Louis Blues,3,2,0.6827234923672996,1,1,True,31,30,0.0,0.0,-0.003666670499999999
2024-02-28,2023020939,New York Rangers,Columbus Blue Jackets,4,1,0.6409556706562421,1,1,True,29,29,0.6000000000000001,2.4,-0.006366668000000001
2024-02-29,2023020947,Dallas Stars,Winnipeg Jets,4,1,0.5447219469776303,1,1,True,30,30,-0.20000000000000007,0.19999999999999996,-0.0056666680000000014
2024-02-29,2023020950,Seattle Kraken,Pittsburgh Penguins,2,0,0.3331458488728041,0,1,False,28,32,-0.39999999999999997,-0.6000000000000001,-0.006700000000000001
2024-02-29,2023020945,Tampa Bay Lightning,Buffalo Sabres,2,3,0.4762298593213132,0,0,True,31,31,0.19999999999999996,0.20000000000000007,-0.005533336000000001
2024-02-29,2023020943,Detroit Red Wings,New York Islanders,3,5,0.463883456229022,0,0,True,35,28,0.6000000000000001,3.6,-0.0020000029999999993
2024-02-29,2023020952,San Jose Sharks,Anaheim Ducks,4,6,0.33683864250350215,0,0,True,29,30,0.2,0.19999999999999996,-0.006666668000000001
2024-02-29,2023020951,Vancouver Canucks,Los Angeles Kings,1,5,0.43554865485508193,0,0,True,34,28,0.6000000000000001,3.2,-0.005433334
2024-02-29,2023020941,Boston Bruins,Vegas Golden Knights,5,4,0.5119079748286982,1,1,True,28,29,-0.4,-1.7999999999999998,-0.006666668000000002
2024-02-29,2023020944,Florida Panthers,Montréal Canadiens,3,3,0.7279575603664924,1,0,False,33,32,0.6,3.6,-0.0026666679999999996
2024-03-07,2023020995,Columbus Blue Jackets,Edmonton Oilers,4,2,0.19845271649583096,0,1,False,31,32,-0.2,-0.3999999999999999,-0.006000002000000001
2024-03-08,2023021007,Anaheim Ducks,Dallas Stars,2,6,0.2985145724080429,0,0,True,31,31,-0.19999999999999996,-1.4,-0.0031999999999999993
2024-03-08,2023021006,Colorado Avalanche,Minnesota Wild,2,1,0.5852694400047436,1,1,True,28,32,-0.19999999999999996,-0.4,-0.0042666679999999995
2024-03-08,2023021008,Seattle Kraken,Winnipeg Jets,0,3,0.3408162963862708,0,0,True,29,31,-0.4,0.0,-0.007100000000000001
2024-03-09,2023021017,Washington Capitals,Chicago Blackhawks,4,1,0.5406611059797203,1,1,True,30,32,0.2,1.0,-0.0035000020000000003
2024-03-09,2023021014,Montréal Canadiens,Toronto Maple Leafs,2,3,0.21749304202307565,0,0,True,33,31,-0.19999999999999996,1.2,-0.0030555574999999997
2024-03-09,2023021015,San Jose Sharks,Ottawa Senators,2,1,0.31177019418081764,0,1,False,31,31,0.2,0.0,-8.33365e-05
2024-03-09,2023021011,New Jersey Devils,Carolina Hurricanes,2,4,0.4129032202818026,0,0,True,33,32,0.0,-0.5999999999999999,-0.007100000000000001
2024-03-09,2023021010,Columbus Blue Jackets,Nashville Predators,1,2,0.3230132249645443,0,0,True,32,30,-0.19999999999999996,0.0,-0.005333335999999999
2024-03-09,2023021009,Buffalo Sabres,Edmonton Oilers,2,2,0.3264383001112966,0,0,True,32,33,0.0,0.20000000000000007,-0.006000002
2024-03-09,2023021020,Vegas Golden Knights,Detroit Red Wings,5,3,0.500911259990791,1,1,True,30,37,-0.19999999999999996,-0.6,-0.0032666679999999995
2024-03-09,2023021019,Vancouver Canucks,Winnipeg Jets,5,0,0.4766277475772638,0,1,False,35,32,-0.20000000000000007,-0.6000000000000001,-0.006833334000000001
2024-03-09,2023021012,Boston Bruins,Pittsburgh Penguins,5,1,0.43802629899513934,0,1,False,29,34,-0.39999999999999997,0.0,-0.005199999999999999
2024-03-09,2023021016,Tampa Bay Lightning,Philadelphia Flyers,7,0,0.45664272113948123,0,1,False,32,32,0.19999999999999996,0.0,-0.007000002000000002
2024-03-09,2023021018,New York Rangers,St. Louis Blues,4,0,0.5393466994175188,1,1,True,30,31,0.6000000000000001,3.0,-0.0065000019999999995
2024-03-09,2023021013,Florida Panthers,Calgary Flames,5,1,0.6828453839862076,1,1,True,34,34,0.20000000000000007,2.0,-0.004633335999999999
2024-03-09,2023021021,Los Angeles Kings,Dallas Stars,1,4,0.4111715436819607,0,0,True,29,32,-0.19999999999999996,-0.39999999999999997,-0.004
2024-03-10,2023021026,Anaheim Ducks,New York Islanders,1,6,0.3860593783317345,0,0,True,32,29,0.0,0.4,-0.0010333339999999995
2024-03-10,2023021022,Pittsburgh Penguins,Edmonton Oilers,0,4,0.3837952858351695,0,0,True,35,34,0.0,-1.6,-0.0054333340000000015
2024-03-10,2023021023,Minnesota Wild,Nashville Predators,4,3,0.4228782132616023,0,1,False,33,31,-0.4,-0.6000000000000001,-0.006600002
2024-03-10,2023021024,Carolina Hurricanes,Calgary Flames,7,2,0.6698953460494618,1,1,True,33,35,0.0,0.8,-0.007000001999999998
2024-03-11,2023021029,Winnipeg Jets,Washington Capitals,3,0,0.6170908087266794,1,1,True,33,31,0.19999999999999996,0.19999999999999996,-0.003833337000000001
2024-03-11,2023021028,New York Rangers,New Jersey Devils,3,1,0.49829537580529987,0,1,False,31,34,0.4,1.8,-0.006375001500000001
2024-03-11,2023021027,Boston Bruins,St. Louis Blues,1,5,0.4863256817661663,0,0,True,30,32,0.2,2.0,-0.0026666679999999996
2024-03-11,2023021030,Los Angeles Kings,New York Islanders,3,0,0.5668429421058708,1,1,True,30,30,-0.39999999999999997,-1.7999999999999998,-0.005333334
2024-03-12,2023021032,Carolina Hurricanes,New York Rangers,0,1,0.5696522930276471,1,0,False,34,32,0.0,0.6000000000000001,-0.007666668
2024-03-12,2023021033,Montréal Canadiens,Columbus Blue Jackets,3,0,0.5254183956637787,1,1,True,34,33,-0.2,-0.19999999999999996,-0.006333334666666669
2024-03-12,2023021039,Calgary Flames,Colorado Avalanche,2,6,0.3507803272664842,0,0,True,36,29,0.0,-1.0,-0.006333334
2024-03-12,2023021035,Philadelphia Flyers,San Jose Sharks,3,2,0.6519360737424574,1,1,True,33,32,0.0,1.4000000000000001,-0.005800002
2024-03-12,2023021036,Dallas Stars,Florida Panthers,3,4,0.4613571587202967,0,0,True,33,35,-0.20000000000000007,-1.6,-0.0033999999999999994
2024-03-12,2023021034,Ottawa Senators,Pittsburgh Penguins,2,1,0.4628172170820348,0,1,False,32,36,-0.2,1.4,-0.004766668
2024-03-12,2023021040,Seattle Kraken,Vegas Golden Knights,4,5,0.47514440817225917,0,0,True,30,31,0.0,-0.8,-0.005100002000000001
2024-03-12,2023021031,Buffalo Sabres,Detroit Red Wings,7,3,0.4571553762808165,0,1,False,33,38,0.0,0.6000000000000001,-0.0005000019999999994
2024-03-12,2023021038,Chicago Blackhawks,Anaheim Ducks,7,2,0.49969992620172476,0,1,False,34,33,0.0,0.40000000000000013,-0.0036000000000000008
2024-03-13,2023021041,St. Louis Blues,Los Angeles Kings,3,1,0.4985180140486801,0,1,False,33,31,-0.2,-1.6,-0.006933336000000002
2024-03-13,2023021043,Edmonton Oilers,Washington Capitals,7,2,0.7056564356077923,1,1,True,35,32,0.19999999999999996,1.6,-0.0063333359999999984
2024-03-13,2023021042,Winnipeg Jets,Nashville Predators,2,4,0.5476559425471822,1,0,False,34,32,-0.20000000000000007,-1.4,-0.0055
2024-03-13,2023021044,Vancouver Canucks,Colorado Avalanche,3,4,0.47281974550371664,0,0,True,36,30,0.0,-0.19999999999999996,-0.004833334
2024-03-14,2023021050,Philadelphia Flyers,Toronto Maple Leafs,2,6,0.43850006154550736,0,0,True,34,32,-0.19999999999999996,-0.20000000000000007,-0.004975
2024-03-14,2023021056,Seattle Kraken,Washington Capitals,1,2,0.5005399328639907,1,0,False,31,33,-0.2,0.3999999999999999,-0.006933333999999999
2024-03-21,2023021104,Edmonton Oilers,Buffalo Sabres,8,3,0.6646238179239871,1,1,True,36,35,0.0,0.0,-0.004866667999999999
2024-03-21,2023021100,Detroit Red Wings,New York Islanders,6,3,0.4988502508898868,0,1,False,39,31,-0.39999999999999997,-2.0,-0.005500002
2024-03-21,2023021108,San Jose Sharks,Tampa Bay Lightning,1,4,0.39374980914003677,0,0,True,33,33,-0.39999999999999997,-3.8,-0.0029666680000000013
2024-03-21,2023021106,Vancouver Canucks,Montréal Canadiens,4,1,0.6985939660591678,1,1,True,37,35,0.0,-0.6,-0.005433334
2024-03-21,2023021102,New Jersey Devils,Winnipeg Jets,4,1,0.4020080720931651,0,1,False,36,35,0.0,1.2000000000000002,-0.008375
2024-03-21,2023021101,Florida Panthers,Nashville Predators,0,3,0.6842246720031635,1,0,False,36,33,0.0,0.0,-0.003966668
2024-03-22,2023021109,Washington Capitals,Carolina Hurricanes,6,6,0.34850609987395675,0,0,True,34,36,-0.4,-3.8,-0.0075
2024-03-22,2023021111,Colorado Avalanche,Columbus Blue Jackets,6,1,0.7200168568899874,1,1,True,31,34,0.6000000000000001,3.2,-0.0030000020000000007
2024-03-22,2023021110,Dallas Stars,Pittsburgh Penguins,4,2,0.5799644523200028,1,1,True,34,38,0.39999999999999997,3.4,-0.006600000000000002
2024-03-23,2023021122,San Jose Sharks,Chicago Blackhawks,4,5,0.40628526032980977,0,0,True,34,36,-0.2,-1.2,-0.0023
2024-03-23,2023021120,Vancouver Canucks,Calgary Flames,4,2,0.603839993946584,1,1,True,38,38,0.0,1.7999999999999998,-0.0073333339999999995
2024-03-23,2023021121,Los Angeles Kings,Tampa Bay Lightning,4,3,0.5496411969750821,1,1,True,32,34,-0.19999999999999996,-1.6,-0.0071666679999999984
2024-03-23,2023021115,Minnesota Wild,St. Louis Blues,4,5,0.5321983554089641,1,0,False,35,35,-0.19999999999999996,-1.4,-0.005833334
2024-03-23,2023021123,Vegas Golden Knights,Columbus Blue Jackets,4,2,0.624186617283405,1,1,True,32,35,0.39999999999999997,3.0,-0.006333336000000001
2024-03-23,2023021119,New York Rangers,Florida Panthers,3,3,0.39281180548027167,0,0,True,35,37,0.20000000000000007,0.7999999999999999,-0.006433334000000001
2024-03-23,2023021116,Nashville Predators,Detroit Red Wings,1,0,0.5166008646316004,1,1,True,34,40,0.6000000000000001,3.4000000000000004,-0.005500001999999999
2024-03-23,2023021114,Philadelphia Flyers,Boston Bruins,3,2,0.5477540686567612,1,1,True,35,32,-0.19999999999999996,-1.7999999999999998,-0.007366668000000001
2024-03-23,2023021113,New York Islanders,Winnipeg Jets,6,3,0.4584971515227104,0,1,False,32,36,0.19999999999999996,1.2000000000000002,-0.005933333999999999
2024-03-23,2023021117,New Jersey Devils,Ottawa Senators,2,5,0.48947306995342854,0,0,True,37,34,0.39999999999999997,2.4000000000000004,-0.005208335000000001
2024-03-23,2023021118,Toronto Maple Leafs,Edmonton Oilers,6,3,0.4560238819339045,0,1,False,33,37,0.0,-2.4,-0.006999999999999999
2024-03-24,2023021129,Philadelphia Flyers,Florida Panthers,1,4,0.4646458415695485,0,0,True,36,38,0.19999999999999996,-1.4,-0.005433336
2024-03-24,2023021125,Colorado Avalanche,Pittsburgh Penguins,5,4,0.5468964970991274,1,1,True,32,39,0.8,4.6,-0.0043333339999999995
2024-03-24,2023021132,Calgary Flames,Buffalo Sabres,1,4,0.4685383376558457,0,0,True,39,36,-0.39999999999999997,-3.2,-0.007333333999999999
2024-03-24,2023021133,Seattle Kraken,Montréal Canadiens,1,5,0.553733572129127,1,0,False,33,36,-0.2,-1.0,-0.008433333999999999
2024-03-24,2023021131,Anaheim Ducks,Tampa Bay Lightning,2,3,0.4318178128415262,0,0,True,35,35,-0.2,-3.5999999999999996,-0.007366667999999999
2024-03-24,2023021126,New York Islanders,New Jersey Devils,0,4,0.4665139467243692,0,0,True,33,38,0.19999999999999996,0.8,-0.007766668
2024-03-24,2023021128,Ottawa Senators,Edmonton Oilers,5,3,0.3331592239666328,0,1,False,35,38,-0.19999999999999996,-1.8000000000000003,-0.005666668
2024-03-24,2023021127,Carolina Hurricanes,Toronto Maple Leafs,2,1,0.5061766113717893,1,1,True,37,34,-0.20000000000000007,0.0,-0.004875001499999999
2024-03-24,2023021124,Washington Capitals,Winnipeg Jets,3,0,0.38583080380568635,0,1,False,35,37,0.2,1.2,-0.004999999999999999
2024-03-25,2023021135,Vancouver Canucks,Los Angeles Kings,2,3,0.532586237094108,1,0,False,39,33,0.0,0.4,-0.005266669999999999
2024-03-25,2023021134,St. Louis Blues,Vegas Golden Knights,1,2,0.44683701076247256,0,0,True,36,33,0.0,-0.40000000000000013,-0.0076666680000000015
2024-03-26,2023021136,Florida Panthers,Boston Bruins,3,4,0.6101959270163012,1,0,False,39,33,0.0,0.8,-0.006166668000000002
2024-03-26,2023021143,Chicago Blackhawks,Calgary Flames,3,1,0.4255264229979809,0,1,False,37,40,0.39999999999999997,2.6,-0.006700002
2024-03-26,2023021141,Nashville Predators,Vegas Golden Knights,5,4,0.4563167260434634,0,1,False,35,34,0.0,0.19999999999999996,-0.0066666680000000015
2024-03-26,2023021137,New York Rangers,Philadelphia Flyers,6,5,0.42038242361153316,0,1,False,36,37,0.19999999999999996,3.0,-0.006033334
2024-03-26,2023021147,San Jose Sharks,Dallas Stars,3,6,0.26542213368289647,0,0,True,35,36,-0.6000000000000001,-3.8,-0.0032000000000000006
2024-03-26,2023021144,Colorado Avalanche,Montréal Canadiens,1,2,0.7054125442991562,1,0,False,33,37,0.6,1.7999999999999998,-0.006933333999999999
2024-03-26,2023021139,Toronto Maple Leafs,New Jersey Devils,3,6,0.5306422678046419,1,0,False,35,39,0.0,-0.3999999999999999,-0.008833334
2024-03-26,2023021138,Pittsburgh Penguins,Carolina Hurricanes,4,1,0.40478437675867596,0,1,False,40,38,-0.39999999999999997,-2.2,-0.009000000000000001
2024-03-26,2023021146,Seattle Kraken,Anaheim Ducks,4,0,0.5281753428898873,1,1,True,34,36,0.0,1.4,-0.006400002000000001
2024-03-26,2023021140,Washington Capitals,Detroit Red Wings,4,3,0.46088649866314124,0,1,False,36,41,0.2,0.8,-0.005833334000000001
2024-03-26,2023021142,Winnipeg Jets,Edmonton Oilers,3,4,0.37883933864683356,0,0,True,38,39,-0.39999999999999997,-3.4000000000000004,-0.006666668000000001
2024-03-27,2023021149,Tampa Bay Lightning,Boston Bruins,3,1,0.46709611393105555,0,1,False,36,34,0.0,1.6,-0.004500004000000003
2024-03-27,2023021148,Buffalo Sabres,Ottawa Senators,2,6,0.45384771931481527,0,0,True,37,36,0.0,0.19999999999999996,-0.004500002000000001
2024-04-04,2023021206,Washington Capitals,Pittsburgh Penguins,1,4,0.4291714026779778,0,0,True,37,42,0.0,-0.8,-0.006333334000000001
2024-04-04,2023021205,Ottawa Senators,Florida Panthers,0,6,0.3474401919272559,0,0,True,37,40,0.4,2.0,-0.005866668
2024-04-04,2023021210,San Jose Sharks,Los Angeles Kings,1,2,0.28878781266678005,0,0,True,36,35,-0.39999999999999997,-1.4,-0.004200002000000001
2024-04-04,2023021203,Columbus Blue Jackets,New York Islanders,2,4,0.4175138264654577,0,0,True,37,34,-0.4,-2.6,-0.00825
2024-04-04,2023021202,Carolina Hurricanes,Boston Bruins,1,4,0.6183493477696733,1,0,False,39,35,0.0,0.6,-0.007000002000000002
2024-04-04,2023021209,Winnipeg Jets,Calgary Flames,5,2,0.5138587191048546,1,1,True,39,41,-0.2,-0.7999999999999998,-0.007166667999999999
2024-04-04,2023021207,Minnesota Wild,Colorado Avalanche,2,5,0.46114091757421205,0,0,True,36,34,-0.4,-2.6,-0.0085
2024-04-04,2023021204,Montréal Canadiens,Tampa Bay Lightning,4,7,0.40998793135648887,0,0,True,38,37,-0.20000000000000007,-1.5999999999999999,-0.008833334
2024-04-04,2023021208,Nashville Predators,St. Louis Blues,6,3,0.5484291266342926,1,1,True,36,37,0.0,-0.6000000000000001,-0.006666668000000001
2024-04-05,2023021214,Edmonton Oilers,Colorado Avalanche,6,2,0.6061877187791845,1,1,True,40,35,-0.20000000000000007,-0.6000000000000001,-0.0042416680000000005
2024-04-05,2023021212,Carolina Hurricanes,Washington Capitals,4,2,0.6984464313345241,1,1,True,40,38,-0.19999999999999996,-1.2000000000000002,-0.005000002
2024-04-05,2023021211,Buffalo Sabres,Philadelphia Flyers,4,2,0.37059276658819756,0,1,False,38,38,0.19999999999999996,1.6,-0.0056999999999999985
2024-04-05,2023021213,Detroit Red Wings,New York Rangers,3,4,0.38785236208493273,0,0,True,42,37,-0.39999999999999997,-1.4,-0.006166668000000001
2024-04-05,2023021215,Anaheim Ducks,Seattle Kraken,1,3,0.4027564543929997,0,0,True,37,36,-0.2,-2.4,-0.008833334
2024-04-06,2023021220,Chicago Blackhawks,Dallas Stars,3,2,0.2936345509407361,0,1,False,38,37,0.0,-0.40000000000000013,-0.004700001999999998
2024-04-06,2023021226,Calgary Flames,Edmonton Oilers,2,4,0.31249259247677597,0,0,True,42,41,-0.39999999999999997,-2.4,-0.005833333999999999
2024-04-06,2023021219,Minnesota Wild,Winnipeg Jets,2,4,0.4786926342787517,0,0,True,37,40,0.2,1.2,-0.0043333339999999995
2024-04-06,2023021222,Columbus Blue Jackets,Philadelphia Flyers,6,2,0.36111361555657867,0,1,False,38,39,-0.2,-1.4000000000000001,-0.0025000000000000005
2024-04-06,2023021225,New York Islanders,Nashville Predators,2,0,0.5347611998742177,1,1,True,35,37,-0.6,-3.0,-0.007833336
2024-04-06,2023021223,Montréal Canadiens,Toronto Maple Leafs,2,4,0.3443732607093201,0,0,True,39,36,0.0,-0.4,-0.006700002
2024-04-06,2023021217,Pittsburgh Penguins,Tampa Bay Lightning,5,4,0.5003289303742982,1,1,True,43,38,-0.20000000000000007,-0.8,-0.0092
2024-04-06,2023021227,Los Angeles Kings,Vancouver Canucks,6,3,0.49347458607034483,0,1,False,36,41,0.0,-1.2000000000000002,-0.008333334000000001
2024-04-06,2023021218,Boston Bruins,Florida Panthers,3,2,0.3936064989452787,0,1,False,36,41,0.19999999999999996,-0.6,-0.007266668
2024-04-06,2023021224,Ottawa Senators,New Jersey Devils,3,4,0.4528165548680051,0,0,True,38,40,-0.20000000000000007,-1.6,-0.0085
2024-04-06,2023021221,San Jose Sharks,St. Louis Blues,3,2,0.3315121640672504,0,1,False,37,38,-0.6,-2.2,-0.005533336000000001
2024-04-07,2023021236,Colorado Avalanche,Dallas Stars,4,7,0.39792842463510114,0,0,True,36,38,0.0,-0.19999999999999996,-0.005166668
2024-04-07,2023021230,Carolina Hurricanes,Columbus Blue Jackets,3,0,0.7132756910912781,1,1,True,41,39,0.2,1.2000000000000002,-0.003333336000000001
2024-04-07,2023021233,New Jersey Devils,Nashville Predators,2,2,0.569359538352974,1,0,False,41,38,0.0,0.40000000000000013,-0.0076666680000000015
2024-04-07,2023021232,Washington Capitals,Ottawa Senators,2,3,0.3877238286517236,0,0,True,39,39,-0.19999999999999996,-0.6000000000000001,-0.0055000019999999995
2024-04-07,2023021228,Detroit Red Wings,Buffalo Sabres,3,1,0.4893053835902247,0,1,False,43,39,-0.39999999999999997,-0.8,-0.005833334
2024-04-07,2023021235,Anaheim Ducks,St. Louis Blues,5,5,0.3851975228869292,0,0,True,38,39,-0.4,-2.5999999999999996,-0.0072000020000000005
2024-04-07,2023021229,Chicago Blackhawks,Minnesota Wild,0,4,0.3867668741988285,0,0,True,39,38,0.4,1.4,-0.004666668
2024-04-07,2023021234,New York Rangers,Montréal Canadiens,5,2,0.6660290283683897,1,1,True,38,40,0.19999999999999996,1.0,-0.005866668000000002
2024-04-08,2023021238,Vancouver Canucks,Vegas Golden Knights,4,3,0.5133209986670721,1,1,True,42,36,0.0,0.4,-0.0076666680000000015
2024-04-08,2023021237,Toronto Maple Leafs,Pittsburgh Penguins,3,2,0.5154118433283098,1,1,True,37,44,-0.20000000000000007,-0.3999999999999999,-0.007833334
2024-04-09,2023021239,Boston Bruins,Carolina Hurricanes,1,4,0.3068238579800645,0,0,True,37,42,0.0,0.4,-0.0091
2024-04-09,2023021251,San Jose Sharks,Calgary Flames,2,3,0.3344485506371873,0,0,True,39,43,0.2,1.0,-0.0038666699999999996
2024-04-09,2023021249,Anaheim Ducks,Los Angeles Kings,3,1,0.29045602197054177,0,1,False,39,37,-0.8,-2.4,-0.006666668000000001
2024-04-09,2023021244,New York Islanders,New York Rangers,4,2,0.42675512912151053,0,1,False,36,39,-0.20000000000000007,-1.6,-0.007500001999999999
2024-04-09,2023021243,New Jersey Devils,Toronto Maple Leafs,2,5,0.4537222380593995,0,0,True,42,38,0.0,0.6,-0.006033334
2024-04-09,2023021247,Nashville Predators,Winnipeg Jets,3,4,0.46007872084532525,0,0,True,39,41,0.19999999999999996,1.0,-0.004500002000000001
2024-04-09,2023021242,Montréal Canadiens,Philadelphia Flyers,9,3,0.31715349556600875,0,1,False,41,40,0.2,1.2000000000000002,-0.0034166674999999997
2024-04-09,2023021245,Tampa Bay Lightning,Columbus Blue Jackets,5,2,0.6106992180258388,1,1,True,39,40,0.39999999999999997,2.2,-0.0037000020000000004
2024-04-09,2023021248,Colorado Avalanche,Minnesota Wild,5,2,0.5822348304775018,1,1,True,37,39,0.0,-1.0,-0.006750000000000001
2024-04-09,2023021240,Detroit Red Wings,Washington Capitals,1,2,0.5681306947169893,1,0,False,44,40,0.0,0.8,-0.005333334
2024-04-16,2023021295,Boston Bruins,Ottawa Senators,1,3,0.4372252254450166,0,0,True,38,40,0.0,0.0,-0.006766668
2024-04-17,2023021305,Dallas Stars,St. Louis Blues,1,1,0.6554216713483698,1,0,False,40,40,0.6000000000000001,2.4000000000000004,-0.004366668000000001
2024-04-17,2023021303,New York Islanders,Pittsburgh Penguins,5,4,0.4902919307870519,0,1,False,37,45,0.0,-0.3999999999999999,-0.006833334000000002
2024-04-17,2023021304,Tampa Bay Lightning,Toronto Maple Leafs,6,4,0.44173490754334405,0,1,False,40,40,0.20000000000000007,1.6,-0.0042
2024-04-18,2023021311,Vegas Golden Knights,Anaheim Ducks,1,4,0.6961697739925825,1,0,False,37,40,0.2,0.6,-0.005466668000000001
2024-04-18,2023021307,Minnesota Wild,Seattle Kraken,3,4,0.4873921101584261,0,0,True,40,38,-0.39999999999999997,-1.8,-0.006533334
2024-04-18,2023021308,Winnipeg Jets,Vancouver Canucks,4,2,0.4473166042038892,0,1,False,42,44,0.0,0.2,-0.005666668000000001
2024-04-18,2023021309,Calgary Flames,San Jose Sharks,5,1,0.6815587599082367,1,1,True,44,40,0.0,-0.40000000000000013,-0.003166671999999999
2024-04-18,2023021312,Los Angeles Kings,Chicago Blackhawks,5,4,0.6425435577988206,1,1,True,38,40,0.0,0.8,-0.0066
2024-04-18,2023021310,Colorado Avalanche,Edmonton Oilers,5,1,0.369891023088539,0,1,False,38,43,-0.19999999999999996,-0.8,-0.0043333339999999995
2024-04-20,2023030141,Carolina Hurricanes,New York Islanders,3,1,0.6104917678484002,1,1,True,43,38,-0.20000000000000007,-0.19999999999999996,-0.002000001999999999
2024-04-20,2023030121,Boston Bruins,Toronto Maple Leafs,5,1,0.44964825760692767,0,1,False,39,41,-0.19999999999999996,-0.8,-0.0051
2024-04-21,2023030131,New York Rangers,Washington Capitals,4,1,0.7200257991703554,1,1,True,40,41,0.19999999999999996,1.4,-0.0020000040000000005
2024-04-21,2023030171,Vancouver Canucks,Nashville Predators,4,2,0.5824234162016334,1,1,True,45,40,0.19999999999999996,-0.2,-0.006333338000000001
2024-04-21,2023030161,Winnipeg Jets,Colorado Avalanche,7,6,0.46118883254914483,0,1,False,43,39,0.20000000000000007,0.7999999999999999,-0.004033334
2024-04-21,2023030111,Florida Panthers,Tampa Bay Lightning,3,2,0.5352846185728013,1,1,True,43,41,-0.20000000000000007,0.0,-0.006600000000000002
2024-04-22,2023030151,Dallas Stars,Vegas Golden Knights,3,4,0.5671672004478034,1,0,False,41,38,0.39999999999999997,2.5999999999999996,-0.0031666680000000005
2024-04-22,2023030122,Boston Bruins,Toronto Maple Leafs,2,3,0.4602921136377035,0,0,True,40,42,0.19999999999999996,1.6,-0.0055
2024-04-22,2023030142,Carolina Hurricanes,New York Islanders,5,3,0.6315757157585952,1,1,True,44,39,0.0,0.3999999999999999,-0.0011666699999999994
2024-04-22,2023030181,Edmonton Oilers,Los Angeles Kings,7,4,0.559326202310404,1,1,True,44,39,0.0,0.0,-0.004833333999999999
2024-04-23,2023030172,Vancouver Canucks,Nashville Predators,1,4,0.5809430221212986,1,0,False,46,41,0.39999999999999997,0.6000000000000001,-0.007000004
2024-04-23,2023030112,Florida Panthers,Tampa Bay Lightning,3,2,0.5501067039862789,1,1,True,44,42,0.0,0.19999999999999996,-0.006266668000000001
2024-04-23,2023030132,New York Rangers,Washington Capitals,4,3,0.7281496080902892,1,1,True,41,42,0.6000000000000001,2.8,-0.003666670000000001
2024-04-23,2023030162,Winnipeg Jets,Colorado Avalanche,2,5,0.48133147089736267,0,0,True,44,40,0.6,2.0,-0.0025333339999999995
2024-04-24,2023030152,Dallas Stars,Vegas Golden Knights,1,3,0.5480732006088532,1,0,False,42,39,0.2,1.7999999999999998,-0.0036666680000000005
2024-04-24,2023030182,Edmonton Oilers,Los Angeles Kings,4,5,0.5813391226931116,1,0,False,45,40,0.0,0.4,-0.0033333340000000003
2024-04-24,2023030123,Toronto Maple Leafs,Boston Bruins,2,4,0.5126935144374155,1,0,False,43,41,0.0,-0.8,-0.008266668
2024-04-25,2023030113,Tampa Bay Lightning,Florida Panthers,3,5,0.38509466560420164,0,0,True,43,45,-0.4,-1.4,-0.004433336000000001
2024-04-25,2023030143,New York Islanders,Carolina Hurricanes,2,3,0.32506185367619617,0,0,True,40,45,-0.4,-2.1999999999999997,-0.0046666680000000006
2024-04-26,2023030183,Los Angeles Kings,Edmonton Oilers,1,6,0.4029354303764773,0,0,True,41,46,0.19999999999999996,0.6,-0.005833333999999999
2024-04-26,2023030163,Colorado Avalanche,Winnipeg Jets,6,2,0.5009325520137131,1,1,True,41,45,-0.20000000000000007,0.6,-0.002833334
2024-04-26,2023030173,Nashville Predators,Vancouver Canucks,1,2,0.3819277829832832,0,0,True,42,47,-0.39999999999999997,-0.6000000000000001,-0.007500000000000001
2024-04-26,2023030133,Washington Capitals,New York Rangers,1,3,0.26251712022324397,0,0,True,43,42,-0.6000000000000001,-2.4,-0.007733334
2024-04-27,2023030144,New York Islanders,Carolina Hurricanes,3,2,0.3520743399878253,0,1,False,41,46,-0.6,-2.6,-0.0046666680000000006
2024-04-27,2023030114,Tampa Bay Lightning,Florida Panthers,6,3,0.3741360343254397,0,1,False,44,46,-0.4,-0.8,-0.005433336
2024-04-27,2023030124,Toronto Maple Leafs,Boston Bruins,1,3,0.5372029492185828,1,0,False,44,42,-0.2,-2.0,-0.008266668
2024-04-27,2023030153,Vegas Golden Knights,Dallas Stars,2,3,0.42663695575698124,0,0,True,40,43,0.0,-1.0,-0.003333333999999999
2024-04-28,2023030164,Colorado Avalanche,Winnipeg Jets,5,1,0.4415839461444595,0,1,False,42,46,0.20000000000000007,3.2,-0.0030000019999999994
2024-04-28,2023030184,Los Angeles Kings,Edmonton Oilers,0,1,0.4391300318757616,0,0,True,42,47,0.0,-1.6,-0.007500000000000001
2024-04-28,2023030134,Washington Capitals,New York Rangers,2,4,0.2590456682113628,0,0,True,44,43,-0.6000000000000001,-2.5999999999999996,-0.0084
2024-04-28,2023030174,Nashville Predators,Vancouver Canucks,3,4,0.4319562695467033,0,0,True,43,48,-0.39999999999999997,-0.4,-0.0085
2024-04-29,2023030154,Vegas Golden Knights,Dallas Stars,2,4,0.4343603013541014,0,0,True,41,44,0.0,-0.2,-0.0043333339999999995
2024-04-29,2023030115,Florida Panthers,Tampa Bay Lightning,6,1,0.6362630672786103,1,1,True,47,45,0.4,0.39999999999999997,-0.0040833350000000004
2024-04-30,2023030175,Vancouver Canucks,Nashville Predators,1,2,0.5914880286858645,1,0,False,49,44,0.39999999999999997,0.2,-0.006000004000000001
2024-04-30,2023030145,Carolina Hurricanes,New York Islanders,6,3,0.5696384403374796,1,1,True,47,42,0.4,2.0,-0.0038666679999999998
2024-04-30,2023030125,Boston Bruins,Toronto Maple Leafs,1,2,0.4265534320752274,0,0,True,43,45,0.39999999999999997,2.8,-0.0009000039999999985
2024-04-30,2023030165,Winnipeg Jets,Colorado Avalanche,3,6,0.5379029202158545,1,0,False,47,43,-0.4,-4.4,-0.004999999999999999
